Main_name,Sinonym1,Sinonym2,Sinonym3,Sinonym4
0chain,0chain.net,0chain,,
0x,0xproject.com,0x,,
0xcert Protocol,0xcert.org,0xcert,,
1World,ico.1worldonline.com,1world,,
2Key Network,2Key,,,
300 Token,300tokensparta.com,300-token,,
4New,4new.io,4new,,
8BT,8 Circuit Studios,,,
AB-CHAIN,tokensale.ab-chain.com,ab-chain-rtb,,
AbacasXchange,Abacas,,,
ABCC Token,abcc.com,abcc-token,,
ABIO Coin,ABIO,,,
ABLE,able-project.io,able,,
Abulaba,abulaba.co,abulaba,,
AC (AlpenCoin),AC,AlpenCoin,,
ACG Chain,ACG,,,
Action Coin,Action,,,
Adbank,adbank.network,adbank,,
AdEx,adex.network,adx-net,,
AdHive,adhive.tv,adhive,,
Aditus,aditus.net,aditus,,
Adshares,adshares.net,adshares,,
AdToken,adtoken.com,adtoken,,
Aelf,aelf.io,aelf,,
Aeon,aeon.cash,aeon,,
Aeron,aeron.aero,aeron,,
Aeternity,aeternity.com,aeternity,,
Agrello,agrello.org,agrello-delta,,
AidCoin,aidcoin.co,aidcoin,,
Aigang,aigang.network,aigang,,
Aion,aion.network,aion,,
Air Swap,airswap.io,airswap,,
AIRBLOC Protocol,airbloc.org,airbloc,,
AirToken,airfox.com,airtoken,,
AISI Coin,AISI,,,
Akash Network,Akash,,,
Aktie Social,Aktie,,,
ALAX,alax.io,alax,,
Alchemint,alchemint.io,alchemint-standards,Alchemint Standards,
Algory Project,Algory,,,
ALIS,alismedia.jp,alis,,
All Sports,allsportschain.com,all-sports,,
all.me,Allaboutme,,,
ALMBank,ALMB,,,
AlphaPoint Public Network,AlphaPoint,,,
Alttex,alttex.io,alttex,,
Ambrosus,ambrosus.com,amber,,
AMLT,amlt.coinfirm.io,amlt,,
AMO Coin,AMO,amo.foundation,amo-coin,
Amon,amon.tech,amon,,
AMPLE! Coin,AMPLE,AMPLE!,,
APEX,apexnetwork.io,apex,,
Aphelion,aphelion.org,aphelion,,
APIS,apisplatform.io,apis,,
AppCoins,appcoins.io,appcoins,,
APX,apxv.org,apx,,
Aragon,aragon.org,aragon,,
ARAW Token,ARAW,,,
Arbidex,arbidex.uk.com,arbidex,,
ArcBlock,arcblock.io,arcblock,,
Argyle Coin,Argyle,,,
ARK,ark.io,ark,,
ARToken,artoken.io,cappasity,,
Asset Allocation Token,AAT,aatnetworks,,
Aston,aston.company,aston,,
Astronaut,astronaut.capital,astro,,
ATB Coin,atbcoin.com,atbcoin,,
Atlant,atlant.io,atlant,,
AtlantICO Network,AtlantICO,,,
Atlantis Blue,atlantisblue.org,atlantis-blue-digital-token,,
ATN,atn.io,atn,,
Atonomi,atonomi.io,atonomi,,
Auctus,auctus.org,auctus,,
Augmentors,augmentorsgame.com,databits,,
Augur,augur.net,augur,,
Aurora IDEX,auroradao.com,aurora-dao,,
Authorship,authorship.com,authorship,,
Autonio,auton.io,autonio,,
Aventus,aventus.io,aventus,,
AVINOC,avinoc.com,avinoc,,
aXpire,axpire.io,axpire,,
B2BX,b2bx.exchange,b2bx,,
BaaSid,baasid.com,baasid,,
BABB,getbabb.com,babb,,
Back to Earth,backto.earth,starcredits,,
Banca,banca.world,banca,,
Bancor,bancor.network,bancor,,
Bank of hash power,bhpcash.io,bhpcash,,
Bankcoin,bankcoin.global,bankcoin,,
Bankera,bankera.com,bankera,,
BANKEX,bankex.com,bankex,,
Basic Attention,basicattentiontoken.org,basic-attention-token,,
Basic Income Guarantee (BIG),Basic Income Guarantee,BIG,,
Beaxy Exchange,Beaxy,,,
Beluga Pay,belugapay.com,belugapay,,
BetterBetting,betr.org,betterbetting,,
Beyond The Void,beyond-the-void.net,nexium,,
Bezant,bezant.io,bezant,,
Bezop,ecom.bezop.io,bezop,,
Bibox,bibox365.com,bibox-token,,
Bigbom,bigbom.com,bigbom,,
Billionaire Token,billionairetoken.com,billionaire-token,Billionaire,
Binance,binance.com,binance-coin,,
BioCoin,biocoin.bio,biocoin,,
Bionic,bionic-coin.io,bionic,,
Biotron,biotron.io,biotron,,
BitBase,bitbase.io,bitbase,,
BitClave,bitclave.com,bitclave,,
BitCryptoNews,bitcryptonews.ru,,,
BitCrystals,bitcrystals.com,bitcrystals,,
BitDegree,bitdegree.org,bitdegree,,
BitDice,ico.bitdice.me,bitdice,,
BiteCoin Network,BiteCoin,,,
BitForex,bitforex.com,https:,,
Bitjob,bitjob.io,student-coin,,
Bitmart,bitmart.com,bitmart-token,,
Bitnation,tse.bitnation.co,bitnation,,
Bitpark Coin,Bitpark,,,
Bitplus Network,Bitplus,,,
BitRent,bitrent.io,bitrent,,
BitRewards,bitrewards.network,bitrewards,,
BitScreener,bitx.bitscreener.com,bitscreener-token,,
BitShares,bitshares.org,bitshares,,
Bitsive Exchange,Bitsive,,,
Bitspark (Zephyr),zephyr.bitspark.io,zephyr,Bitspark,
Bittwatt,bittwatt.com,bittwatt,,
Blackmoon,blackmoonplatform.com,blackmoon,,
BlitzPredict,blitzpredict.io,blitzpredict,,
Block array,blockarray.com,block-array,,
Block-chain.com,Block-chain,,,
BlockCAT,blockcat.io,blockcat,,
BlockCDN,blockcdn.org,blockcdn,,
Blockchain Neural System,BNS,,,
Blockchain Traded Fund,BTF,,,
Blocklancer,blocklancer.net,blocklancer,,
BlockMesh,blockmesh.io,blockmesh,,
Blockpass,blockpass.org,blockpass,,
BlockPool,blockpool.io,blockpool,,
Blockport,blockport.io,blockport,,
Blocktix,blocktix.io,blocktix,,
BlockV,blockv.io,blockv,,
Bloom,bloom.co,bloomtoken,,
Blue Whale,bluewhale.foundation,blue-whale-token,Blue Whale Token,
Bluzelle,bluzelle.com,bluzelle,,
Bob's Repair,bobsrepair.com,bobs-repair,,
Bodhi,bodhi.network,bodhi,,
Bolenum,bolenum.com,bolenum,,
Bond Film Platform,Bond,,,
Bondkick Syndicate,Bondkick,,,
Bonpay,bonpay.com,bonpay,,
Boomstarter.Network,Boomstarter,,,
BOScoin,boscoin.io,boscoin,,
Bottos,bottos.org,bottos,,
Bounty0x,bounty0x.io,bounty0x,,
BOUTSPRO,bouts.pro,boutspro,,
Bread,token.breadapp.com,bread,,
Breeze Coin,Breeze,,,
Brickblock,brickblock.io,brickblock,,
Bridge Protocol,bridgeprotocol.io,bridge-protocol,,
Budbo,budbo.io,budbo,,
Buying.com,Buying,,,
Byteball,byteball.org,byteball,,
Bytecoin,bytecoin.org,bytecoin-bcn,,
Bytom,bytom.io,bytom,,
C3C.Network,C3C,,,
CanYa,canya.io,canyacoin,,
Cappasity,ico.cappasity.com,cappasity,ARToken,
CarBlock,carblock.io,carblock,,
Cardano,cardano.org,cardano,,
Cardstack,cardstack.com,cardstack,,
CargoX,cargox.io,cargox,,
CarTaxi,cartaxi.io,cartaxi-token,,
CarVertical,carvertical.com,carvertical,,
Cashaa,cashaa.com,cashaa,,
CashBet,coin.cashbet.com,cashbet-coin,,
CCET Project,CCET,,,
Ccore,ccore.io,ccore,,
CEDEX,cedex.com,cedex-coin,,
CEEK VR,ceek.io,ceek-vr,,
Celestial Coin,Celestial,,,
Centaure,centaure.io,centaure,,
CFun,cfunproject.com,cfun,,
ChainLink,smartcontract.com,chainlink,,
ChainZilla.io,ChainZilla,,,
Change Bank,getchange.com,change,,
ChronoBank,chronobank.io,chronobank,,
ChronoLogic,chronologic.network,chronologic,,
Cindicator,cindicator.com,cindicator,,
Civic,civic.com,civic,,
Clairety Inc.,Clairety,,,
Clarity Project,Clarity,,,
ClearCoin,clearcoin.co,clearcoin,,
ClearPoll,clearpoll.com,clearpoll,,
Cloud Token,token.cloudwith.me,cloud,,
CNN,cnntoken.io,content-neutrality-network,,
Cobinhood,cobinhood.com,cobinhood,,
Cobol Network,Cobol,,,
Cofound.It,cofound.it,cofound-it,,
Coin Bloq,Coin Blog,,,
CoinFi,coinfi.com,coinfi,,
Coinlancer,coinlancer.io,coinlancer,,
CoinPoker,coinpoker.com,coinpoker,,
Coinvest,coinve.st,coinvest,,
Color,Color Platform,,,
Colu Local Network (CLN),cln.network,colu-local-network,,
Commerce Block,CommerceBlock,commerceblock.com,commerceblock,
Commodity Ad Network (CDX),Commodity Ad Network,CDX,commodityadnetwork.com,commodity-ad-network
COMSA,comsa.io,comsa-xem,,
ConnectJob,ico.connectjob.io,connectjob,,
Consensus,consensus.ai,consensus,,
Consentium,consentium.net,consentium,,
Constellation Labs,constellationlabs.io,constellation,,
ContentBox,contentbox.one,contentbox,,
ContractNet,contractnet.com,contractnet,,
COPYTRACK,concensum.org,copytrack,,
Corion Platform,Corion,,,
Cortex,cortexlabs.ai,cortex,,
Cosplay Token,WorldCosplay,Cosplay,,
COSS,coss.io,coss,,
Counterparty,counterparty.io,counterparty,,
Covesting,covesting.io,covesting,,
CreativeCoin,creativechain.org,creativecoin,,
Credible Network,Credible,,,
Credit Protocol (BlockMason),blockmason.io,blockmason,,
CREDITS,credits.com,credits,,
Crowd Machine,crowdmachine.com,crowd-machine,,
CrowdCoin,crowd-coin.org,crowdcoin,,
Crowdholding,ico.crowdholding.com,crowdholding,,
CRYCASH,crycash.io,crycash,,
Cryptaur,cryptaur.com,cryptaur,,
Crypterium,crypterium.io,crypterium,,
Crypto Trust Network,Crypto Trust,,,
CRYPTO20,crypto20.com,c20,,
CryptoCarbon,ccrb.io,cryptocarbon,,
Cryptonex,cryptonex.org,cryptonex,,
CryptoPay (Cpay),CryptoPay,Cpay,ico.cryptopay.me,cryptopay
CryptoPing,cryptoping.tech,cryptoping,,
Cryptosolartech,cryptosolartech.org,cryptosolartech,,
Crypviser,crypviser.network,cvcoin,,
Crystal Clear,crystal-clear.io,crystal-clear,,
CUBE,cubeint.io,cube,,
CustomCoin Platform,CustomCoin,,,
Cyber Physical Chain,cpchain.io,cpchain,,
CyberMiles,cybermiles.io,cybermiles,,
DACC,dacc.co,dacc,,
DACSEE,dacsee.io,dacsee,,
DADI,dadi.cloud,dadi,,
DAEX,daex.io,daex,,
Daneel,daneel.io,daneel,,
DAO.Casino,dao.casino,dao-casino,,
DAOstack,daostack.io,daostack,,
Darcrus,darcr.us,darcrus,,
Dash,dash.org,dash,,
Datarius,datarius.io,datarius-credit,,
Datawallet,datawallet.com,datawallet,,
Datum,datum.org,datum,,
DATx,datx.co,datx,,
DAV Network,dav.network,dav-coin,,
DCC,dcc.finance,distributed-credit-chain,,
DCentral Capital,D-Central Capital,,,
Dcorp,dcorp.it,drp-utility,,
Debitum Network,debitum.network,debitum-network,,
Decent,decent.ch,decent,,
Decentraland,decentraland.org,decentraland,,
Decentralized AI-Powered Trust Alliance (DATA),data.eco,data,,
Decentralized Machine Learning (DML),decentralizedml.com,decentralized-machine-learning,,
Decred,decred.org,decred,,
Deep Brain,deepbrainchain.org,deepbrain-chain,,
DeepBrain,DeepBrain Chain,,,
DenchMusic,Dench Music,,,
Dent,dentwireless.com,dent,,
Dentacoin,dentacoin.com,dentacoin,,
Depository Network,Depository,DEPO,,
Dether,dether.io,dether,,
Devery,devery.io,devery,,
DIAMOND,bit.diamonds,diamond,,
DICE Money,DICE,,,
DigiPulse,digipulse.io,digipulse,,
Digitex,digitexfutures.com,digitex-futures,,
DigixDAO,digix.global,digixdao,,
DIMCOIN,dimcoin.io,dimcoin,,
Dimensions Network,Dimensions,,,
Dipnet,dip.network,dipnet,,
District0x,contribution.district0x.io,district0x,,
Divi Project,diviproject.org,divi,,
DMarket,dmarket.io,dmarket,,
Docademic,mtc.docademic.com,docademic,,
Dock.io,dock.io,dock,,
DomRaider,domraider.com,domraider,,
Dorado,dorado.tech,dorado,,
DOVU,dovu.io,dovu,,
DOX.NETWORK,DOX,,,
Dragon,tokensale.drgtoken.io,dragon-coins,,
Dragonchain,dragonchain.com,dragonchain,,
Dragonglass,dragonglass.com,dragonglass,,
Dropil,dropil.com,dropil,,
DxChain,dxchain.com,dxchain-token,,
Eagle Project,Eagle,Eagle token,,
Earth Token,earth-token.com,earth-token,,
EBCoin,ebcoin.io,ebcoin,,
Ecobit,ecobit.io,ecobit,,
Edgeless,edgeless.io,edgeless,,
Educoin,edu.one,edu-coin,,
Effect.ai,effect.ai,effect-ai,,
Egretia,egretia.io,egretia,,
Eidoo,eidoo.io,eidoo,,
Elastos,elastos.org,elastos,,
Electrify Asia,electrify.asia,electrifyasia,,
Electroneum,electroneum.com,electroneum,,
Eligma,eligma.com,eligma-token,,
Elysian,elycoin.io,elysian,,
EMI Foundation,EMI,,,
Emphy,emphy.io,emphy,,
Empowr,secure.empowr.com,empowr-coin,,
Encrypgen,encrypgen.com,encrypgen,,
EncryptoTel,encryptotel.com,encryptotel,,
Endor,endor.com,endor-protocol,endor protocol,
Energi Token,energitoken.com,energitoken,,
Engagement Token,Engagement,engagementtoken.com,engagement-token,
Enigma,enigma.co,enigma-project,,
Enjin Coin,enjincoin.io,enjin-coin,,
Envion,envion.org,envion,,
EOS,eos.io,eos,,
Eroscoin,eroscoin.org,eroscoin,,
Escroco,escroco.co,escoro,,
Essentia,essentia.one,essentia,,
Ethbits,ico.ethbits.com,ethbits,,
Ether Party,etherparty.com,etherparty,,
Etherecash,etherecash.io,etherecash,,
Ethereum,ethereum.org,ethereum,,
Ethereum Classic,ethereumclassic.github.io,ethereum-classic,,
Etheriya,etheriya.net,etheriya,,
Etheroll,etheroll.com,etheroll,,
EtherSportz,ethersportz.com,ethersportz,,
ETHLend,ethlend.io,ethlend,,
Ethorse,ethorse.com,ethorse,,
Ethos (Bitquence),ethos.io,ethos,,
EventChain,eventchain.io,eventchain,,
Everex,everex.io,everex,,
Exchange Union,exchangeunion.com,exchange-union,,
EximChain,eximchain.com,eximchain,,
EXMO Coin,EXMO,,,
EXMR MONERO,exmrfoundation.org,ethereum-monero,,
Expanse,expanse.tech,expanse,,
Experty,experty.io,experty,,
EZPOS (EZToken),eztoken.io,eztoken,,
Fabric Token,fabrictoken.io,fabric-token,,
Faceter,tokensale.faceter.io,faceter,,
FANTOM,fantom.foundation,,,
FAPcoin,fapcoin.io,fapcoin,,
FarmaTrust,farmatrust.io,farmatrust,,
FAYTHE.IO,FAYTHE,,,
FidentiaX,fidentiax.com,fidentiax,,
Filecoin,filecoin.io,filecoin,,
FinTab,fintab.io,fintab,,
FintruX,fintrux.com,fintrux-network,,
Fire Lotto,firelotto.io,fire-lotto,,
FirstBlood,firstblood.io,firstblood,,
Flashcoin,flashcoin.io,flash,,
FLiK,skyblockmediagroup.com,flik,,
Flixxo,flixxo.com,flixxo,,
FluzFluz,ico.fluzfluz.com,fluz-fluz,,
Flypme,flyp.me,flypme,,
FoodCoin,foodcoin.io,food,,
Formosa Financial,formosa.financial,formosa-financial,,
Fortitude Ranch,Fortitude,,,
FORTUNA,fota.top,fortuna,,
Forty Seven Bank,fortyseven.io,forty-seven-bank,,
Fox Trading,foxtrading.io,fox-trading,,
Fractal Token,Fractal,,,
FReeStart,FRee Start Coin,,,
Friendz,friendz.io,friends,,
Fujinto,fujinto.io,fujinto,,
Fund Yourself Now,fundyourselfnow.com,fundyourselfnow,,
FundFantasy,fundfantasy.com,fundtoken,,
FundRequest,fundrequest.io,fundrequest,,
FunFair,funfair.io,funfair,,
Fusion,fusion.org,fusion,,
FuzeX,fuzex.co,fuzex,,
Gagapay Network,Gagapay,,,
Galaxy eSolutions,galaxy-esolutions.com,galaxy-esolutions,,
Galion.io,Galion,,,
Game.com,game.com,game,,
GameCredits,gamecredits.com,gamecredits,,
GatCoin,gatcoin.io,gatcoin,,
Gems,gems.org,gems-protocol,,
Genaro Network,gnxtech.io,genaro-network,,
Genesis Vision,genesis.vision,genesis-vision,,
Giftcoin,giftcoin.org,gifto,,
GIFTO,gifto.io,gifto,,
Gladius,gladius.io,gladius-token,,
Global Metrology Project,GMP,,,
Gnosis,gnosis.pm,gnosis-gno,,
GoByte,gobyte.network,gobyte,,
GoChain,gochain.io,gochain,,
Gold Bits Coin,goldbitscoin.com,gold-bits-coin,,
GoldMint,goldmint.io,goldmint,,
Golem,golem.network,golem-network-tokens,,
GOLOS,golos.io,golos,,
GoNetwork,gonetwork.co,gonetwork,,
GOToken,parkingo.io,parkingo,,
GRAFT Blockchain,graft.network,graft,,
Gramaton Token,Gramaton,,,
Green Power Exchange,GPX,,,
Greenblock Coin,Greenblock,,,
Greeneum Network,Greeneum,,,
Grid+,gridplus.io,grid,,
Hacken,hacken.io,hacken,,
Hackspace,hackspace.capital,hackspace-capital,,
Hade,Hade Pay,,,
Hamster Marketplace,Hamster,,,
Hashgard,hashgard.io,hashgard,,
Havven,havven.io,havven,,
Hdac,hdactech.com,hdac,,
HeartBout,heartbout.com,heartbout,,
Hedge Token,hedge-crypto.com,hedge,,
Helbiz,helbizcoin.io,helbiz,,
HelloGold,hellogold.org,hellogold,,
Hero Node,heronode.io,heronode,,
HERO Token,herotoken.io,hero,,
HEROcoin,herocoin.io,herocoin,,
HighRewardCoin,HighReward,,,
HireMatch,hirematch.io,hirematch,,
HitChain,hitchain.io,hitchain,,
Hive Project,hive-project.net,hive-project,,
HOLD,hold.co,hold,,
Holo,holo.host,holo,,
HomeBlockCoin,homeblockcoin.com,homeblockcoin,,
Honestis Network,Honestis,,,
HOQU,hoqu.io,hoqu,,
Horizon Communications,Horizon,,,
Horizon State,horizonstate.com,decision-token,,
Hubii Network,hubii.com,hubii-network,,
Humaniq,humaniq.com,humaniq,,
Huobi token,huobi.com,huobi-token,,
Hurify,hurify.co,hurify,,
HybridBlock,hybridblock.io,hybrid-block,,
HYCON,hycon.io,hycon,,
Ice Rock Mining,icerockmining.io,ice-rock-mining,,
ICO-rating,ico-rating.ru,,,
ICON,icon.foundation,icon,,
Iconomi,iconomi.net,iconomi,,
ICOS,icos.icobox.io,icos,,
IEx.ec,iex.ec,rlc,,
Ignis,jelurida.com,ignis,,
IHT Coin,ihtcoin.com,iht-real-estate-protocol,,
Imbrex,imbrex.io,imbrex,,
Incent,incentloyalty.com,incent,,
INCX,internationalcryptox.io,internationalcryptox,,
IndaHash,indahash.com,indahash,,
INDICOIN,indicoin.org.in,indicoin,,
Indorse,indorse.io,indorse-token,,
Ink Protocol,paywithink.com,ink-protocol,,
INS Ecosystem,ins.world,ins-ecosystem,,
Insights Network,insights.network,insights-network,,
InsurePal (VouchForMe),vouchforme.co,insurepal,,
Integrative Wallet Token,IWT,,,
Intellectual.Network,BANKllect,,,
Intelligent Trading Tech,intelligenttrading.org,intelligent-trading-foundation,,
International Science Hub,ISH,,,
Internxt,internxt.io,internxt,,
Invacio,invacio.com,invacio,,
InvestFeed,investfeed.com,investfeed,,
IOST,iost.io,iostoken,,
IOTA,iota.org,iota,,
IoTeX,iotex.io,iotex,,
IP Exchange,ip.sx,ip-exchange,,
IQuant Chain,IQT,,,
Iungo,iungo.network,iungo,,
IXledger,ixledger.com,ixledger,,
Jesus Coin,jesuscoin.network,jesus-coin,,
Jet8,jet8.io,jet8,,
Jibrel Network,jibrel.network,jibrel-network,,
Jinbi Token,Jinbi,,,
Jupiter Project,Jupiter,,,
Jury.Online,jury.online,jury-online-token,,
KaratGold,karatgold.io,karatgold-coin,,
Karma,karma.red,karma,,
Karuna Network,Karuna,,,
Katalyst Coin,Katalyst,,,
Kayo Credits,KAYO Credits Platform,,,
KICKICO,kickico.com,kickico,,
Kin,kinecosystem.org,kin,,
Kind Ads,kindads.io,kind-ads-token,,
KINEKT Terminals,KINEKT,,,
Komodo,komodoplatform.com,komodo,,
Konios Project,Konios,,,
Kora Network,kora.network,kora-network-token,,
Kryll,kryll.io,kryll,,
Kubera,kuberacoin.com,kubera-coin,,
Kyber Network,kyber.network,kyber-network,,
LALA World,lalaworld.io,lala-world,,
Lamden,lamden.io,lamden,,
Lampix,lampix.com,lampix,,
Latium,latium.org,latiumx,,
LBRY,lbry.io,library-credit,,
LeadCoin,leadcoin.network,leadcoin,,
LemoChain,lemochain.com,lemochain,,
Lendingblock,lendingblock.com,lendingblock,,
Lendroid,lendroid.com,lendroid-support-token,,
Leverage Platform,Leverage,,,
Leverj,leverj.io,leverj,,
LeviarCoin,leviarcoin.org,leviar,,
LGO Exchange (Legolas),lgo.exchange,legolas-exchange,,
Libra Credit,mycred.io,libra-credit,,
LikeCoin,like.co,likecoin,,
Lineage Network,Lineage,,,
Linker Coin,linkercoin.com,linker-coin,,
Linkeye,linkeye.com,linkeye,,
Liquid Asset Token,latoken.com,latoken,,
Lisk,lisk.io,lisk,,
Live Stars,livestars.io,live-stars,,
LiveEdu,education-ecosystem.com,education-ecosystem,,
Local World Forwarders,lwf.io,local-world-forwarders,,
LocalCoinSwap,localcoinswap.com,local-coin-swap,,
Loci,loci.io,locicoin,,
LockChain,locktrip.com,lockchain,,
Loki,loki.network,loki,,
Loom Network,loomx.io,loom-network,,
Loopring,loopring.org,loopring,,
LoyalCoin,loyalcoin.io,loyalcoin,,
Lunyr,lunyr.com,lunyr,,
Luven Diagnostic,Luven,,,
Lykke,lykke.com,lykke,,
Lympo,lympo.io,lympo,,
Maecenas,maecenas.co,maecenas,,
MaidSafe,maidsafe.net,maidsafecoin,,
Mainframe,mainframe.com,mainframe,,
Majato Project,Majato,,,
MARK.SPACE,markspace.io,mark-space,,
MASS.cloud,MASS,,,
Matchpool,matchpool.com,guppy,,
Matrix,matrix.io,matrix-ai-network,,
Matryx,nanome.ai,matryx,,
MaxiMine,maximine.io,maximine-coin,,
MCAP,bitcoingrowthfund.com,mcap,,
Measurable Data Token,mdt.co,measurable-data-token,,
MedAI Network,MedAI,,,
MediBloc,medibloc.org,MediBloc [QRC20],,
Medicalchain,medicalchain.com,medical-chain,,
Melon,melonport.com,melon,,
Merculet,merculet.io,merculet,,
Mercury Protocol,mercuryprotocol.com,mercury-protocol,,
Metal,metalpay.com,metal,,
MetaMorph.pro,metamorph.pro,metamorph,,
Metronome,metronome.io,metronome,,
Miami Crypto Exchange,MCEX,,,
MicroMoney,micromoney.io,micromoney,,
Minexcoin,minexcoin.com,minexcoin,,
Mithril Ore,mithrilore.io,mithril-ore,,
MobileGo,gamecredits.com,mobilego,,
Mobius,mobius.network,mobius,,
Modum,modum.io,modum,,
Moeda,moeda.in,moeda-loyalty-points,,
Moentum Token,Moentum,,,
Monaco,mco.crypto.com,mco,,
Monetha,monetha.io,monetha,,
MoneyTap token,MoneyTap,,,
Monster Byte,monsterbyte.io,monster-byte,,
Morpheus Labs,morpheuslabs.io,morpheus-labs,,
Morpheus Network,morpheus.network,morpheus-network,,
MOS Coin,MOS,,,
Mossland,moss.land,mossland,,
Mothership,mothership.cx,mothership,,
Musicoins,musicoin.org,musicoin,,
Musiconomi,musiconomi.com,musiconomi,,
MVL Chain,mvlchain.io,mass-vehicle-ledger,,
MyBit,mybit.io,mybit,,
Mysterium Network,mysterium.network,mysterium,,
MyWish (MyWill),mywish.io,mywish,,
Naga,naga.com,naga,,
Napoleon Capital,Napoleon,,,
NaPoleon X,napoleonx.ai,napoleonx,,
Narrative network,tokensale.narrative.org,narrative,,
Naviaddress,naviaddress.com,naviaddress,,
Ncent,Ncent Labs,,,
Neblio,nebl.io,neblio,,
Nebula AI,tokensale.nebula-ai.network,nebula-ai,,
Nebulas,nebulas.io,nebulas-token,,
NEO,neo.org,neo,,
NeuFund,neufund.org,neumark,,
NeuroChain,neurochaintech.io,neurochain,,
Neuromation,neuromation.io,neurotoken,,
Neverdie,neverdie.io,neverdie,,
New Kind of Network (NKN),NKN,New Kind of Network,nkn.org,nkn
Nexo,nexo.io,nexo,,
Nimbus Token,Nimbus,,,
Nimiq,nimiq.com,nimiq-exchange-token,nimiq exchange token/,
Nitro,nitro.live,nitro,,
Notarchain.es,Notarchain,,,
NPER,nper.io,nper,,
Nucleus Vision,nucleus.vision,nucleus-vision,,
Nuggets,nuggets.life,nuggets,,
Nuka Token,Nuka,,,
Obsidian,obsidianplatform.com,obsidian,,
Octanox,octanox.org,octanox,,
ODEM,odem.io,odem,,
Odyssey,ocoins.es,odyssey,,
OID - Opioid Token,OID,Opioid Token,,
Olympus Labs,olympuslabs.io,olympus-labs,,
OmiseGo,omise.co,omisego,,
Omnitude,omnitude.tech,omnitude,,
On.Live,on.live,on-live,,
OneLedger,oneledger.io,oneledger,,
OneRoot,oneroot.io,oneroot-network,,
Ontology Network,ont.io,ontology,,
Open Packaging Network,Open Packaging,,,
Open Platform,openfuture.io,open-platform,,
Open Trading Network,otn.org,open-trading-network,,
OpenANX,oax.org,oax,,
OpenFinance Network,OpenFinance,,,
OptiToken,optitoken.io,optitoken,,
OPUS,opus.audio,opus,,
Orbis,orbismesh.com,orbis-token,,
Origami Network,ori.network,origami,,
OriginTrail,origintrail.io,origintrail,,
ORS Group,orsgroup.io,ors-group,,
Osmium Investment Coin,Oicoin,,,
Owndata,owndata.network,owndata,,
Oxycoin,oxycoin.io,oxycoin,,
Oyster,oysterprotocol.com,oyster,,
Paragon,paragoncoin.com,paragon,,
Pareto,Pareto Network,pareto.network,pareto-network,
PARKGENE,parkgene.io,parkgene,,
PARQ,Parksen,,,
Particl,particl.io,particl,,
Patientory,patientory.com,patientory,,
Patron,patron-ico.io,patron,,
PayFair,payfair.io,payfair,,
Paymon,paymon.org,paymon,,
PayPie,paypie.com,paypie,,
PChain,pchain.org,pchain,,
Peculium,peculium.io,peculium,,
Pecunio,pecun.io,pecunio,,
Peerguess,peerguess.com,guess,,
PeerPlays,peerplays.com,peerplays-ppy,,
PerfectChain Network,PerfectChain,,,
Phantasma,phantasma.io,phantasma,,
PHI Token,phitoken.io,phi-token,,
PikcioChain,pikciochain.com,pikciochain,,
Pillar,pillarproject.io,pillar,,
Plancoin,plancoin.co,plancoin,,
Platio Solar,Platio,,,
Playkey,playkey.io,playkey,,
PlexCoin,plexcoin.tech,plexcoin,,
Plutus,plutus.it,pluton,,
Po.et,po.et,poet,,
POA Network (Oracles),POA Network,poa.network,poa-network,
PolicyPal Network,policypal.network,policypal-network,,
Polybius,polybius.io,polybius,,
Polymath,polymath.network,polymath-network,,
PolySwarm,polyswarm.io,polyswarm,,
Ponics Technologies,Ponics,,,
Pontem Inc.,Pontem,,,
Populous,populous.co,populous,,
Power Ledger,powerledger.io,power-ledger,,
PRASM,prasm.io,prasm,,
Presearch,presearch.io,presearch,,
Primalbase,primalbase.com,primalbase,,
Privatix,privatix.io,privatix,,
ProfitGid,profitgid.ru,,,
ProjecEreum Tokens,ProjecEreum,,,
Project SHIVOM,shivom.io,shivom,,
Propy,propy.com,propy,,
ProximaX,proximax.io,proximax,,
Publica,publica.com,publica,,
PumaPay,pumapay.io,pumapay,,
Pundi X,pundix.com,pundi-x,PundiX,
Pylon Network,pylon-network.org,pylon-network,,
QASH,QASH by Quoine,liquid.com,qash,
Qlink,qlcchain.org,qlink,,
QLinq,QLC Chain,,,
QTUM,qtum.org,qtum,,
Quant Network,quant.network,quant,,
Quantstamp,quantstamp.com,quantstamp,,
QUANTUM,quantumproject.org,quantum,,
QuarkChain,quarkchain.io,quarkchain,,
Qurito,qurito.io,qurito,,
Qvolta,qvolta.com,qvolta,,
Raiden Network,Raiden Network Token,raiden.network,raiden-network-token,
Rate3 Network,rate3.network,rate3,,
Ravn's Korrax,Ravn,,,
Rchain,rchain.coop,rchain,,
Real,real.markets,real,,
Reales Coin,Reales,,,
RECORD Foundation,recordfoundation.org,record,,
Red Pulse,redpulse.com,red-pulse,,
Refereum,token.refereum.com,refereum,,
Reftoken,reftoken.io,reftoken,,
REGA,REGA Risk Sharing,,,
RegalCoin,regalcoin.co,regalcoin,,
REMME,tokensale.remme.io,remme,,
Rentberry,ico.rentberry.com,rentberry,,
Republic Protocol,republicprotocol.com,republic-protocol,,
Request Network,request.network,request-network,,
Restart Energy,restartenergy.io,restart-energy-mwat,,
Revain,revain.org,revain,,
REVV COIN,REVV,,,
Rialto.AI,Rialto,rialto.ai,rialto,
RightMesh,rightmesh.io,rightmesh,,
Ripio Credit Network,ripiocredit.network,ripio-credit-network,,
Ripple,ripple.com,ripple,,
Riptide Coin,Riptide,,,
Rivetz,rivetzintl.com,rivetz,,
Rocket Pool,rocketpool.net,rocket-pool,,
RootProject,Root Project,,,
Rosenbridge Digital,Rosenbridge,,,
Rotharium,rotharium.io,rotharium,,
Royal Kingdom Coin,royalkingdomcoin.com,royal-kingdom-coin,,
RRCHain,RRCoin,rrchain.network,rrcoin,
Rublix,rublix.io,rublix,,
RUSGAS,rusgas.io,rusgas,,
Russian Miner Coin,rmc.one,russian-mining-coin,,
Saifu,ico.saifu.ai,saifu,,
SALT,saltlending.com,salt,,
Santiment,santiment.net,santiment,,
Sapien Network,sapien.network,sapien,,
Savedroid,ico.savedroid.com,savedroid,,
Scorum,scorumcoins.com,scorum-coins,,
SCOUT Token,SCOUT,,,
Scroll Network,scroll.network,scroll,,
SCRY.INFO,scry.info,scryinfo,,
Seal Network,seal.network,seal-network,,
Seele,seele.pro,seele,,
SelfieYo Gold Token,SelfieYo Gold,,,
Selfkey,selfkey.org,selfkey,,
Sense,sensetoken.com,sense,,
Sentinel Chain,sentinel-chain.org,sentinel-chain,,
Sentinel Protocol,sentinelprotocol.io,sentinel-protocol,,
Sether,sether.com,sether,,
SGPay,sgpay.org,sgpay,,
Sharder,sharder.org,sharder,,
Sharpe Capital,sharpe.capital,sharpe-platform-token,,
Shift,shiftnrg.org,shift,,
Shipchain,shipchain.io,shipchain,,
SHOP Protocol,SHOP,,,
Signals Network,signals.network,signals-network,,
Silent Notary,silentnotary.com,silent-notary,,
Simple Token,OST,ost.com,ost,
SingularDTV,singulardtv.com,singulardtv,,
SingularityNET,singularitynet.io,singularitynet,,
Sirin Labs,sirinlabs.com,sirin-labs-token,,
SkinCoin,skincoin.org,skincoin,,
Skrumble Network,skrumble.network,skrumble-network,,
Skycoin,skycoin.net,skycoin,,
Smart Refinery Technologies (SRT),Smart Refinery Technologies,SRT,,
SmartInsurProtocol,SIP,SmartInsur,,
Smartlands,smartlands.io,smartlands,,
SmartMesh,smartmesh.io,smartmesh,,
SMHC Coin,SMHC,,,
Smoke,smoke.network,smoke,,
Snip,snip.network,snipcoin,,
Snovian.Space,snovian.space,snovio,,
Snovio,token.snov.io,snovio,,
Social Media Income,SMI,,,
Sociall (Nexus),sociall.io,sociall,,
Sola,sola.foundation,solarcoin,,
SOMA,soma.co,soma,,
SONM,sonm.com,sonm,,
SophiaTX,sophiatx.com,sophiatx,,
Sp8de,sp8de.com,sp8de,,
SpankChain,spankchain.com,spankchain,,
Sparklecoin,Sparkle,,,
Spectiv,spectiv.io,signal-token,,
Spectre,spectre.ai,spectre-dividend,,
Sphre AIR,sphre.co,sphre-air,,
Spindle,spindle.zone,spindle,,
SportyFi,sportyco.io,sportyco,,
Starbase,starbase.co,starbase,,
Starta,startaico.com,starta,,
Status Network,status.im,status,,
Stellar,stellar.org,stellar,,
STEM CELL COIN,STEM CELL,,,
Steneum Coin,steneum.com,steneum-coin,,
STeX,trade.stex.exchange,stex,,
STK Global Payments (STACK),stktoken.com,stk,,
Stockchain,stockchain.co,stockchain,,
StockChain Global,StockChain,,,
Storiqa,crowdsale.storiqa.com,storiqa,,
Storj,storj.io,storj,,
Storm,stormx.io,storm,,
Stox,stox.com,stox,,
Stratis,stratisplatform.com,stratis,,
Streamr,streamr.com,streamr-datacoin,,
SUBAJ Global Network,SUBAJ,,,
Substratum,substratum.net,substratum,,
Sudan Gold Coin,Sudan Gold,,,
SunContract,suncontract.org,suncontract,,
SuperPay.vip,SuperPay,,,
SureRemit,token.sureremit.co,sureremit,,
Suretly,surco.in,suretly,,
Swarm Fund,swarm.fund,swarm-fund,,
SwissBorg,swissborg.com,swissborg,,
Switcheo Network,switcheo.network,switcheo,,
SyncFab,blockchain.syncfab.com,syncfab,,
Synereo,synereo.com,synereo,,
TaaS,taas.fund,taas,,
Talao,ico.talao.io,talao,,
Tao Network,tao.network,tao,,
Target Coin,tgtcoins.com,target-coin,,
Tawarruq Token,Tawarruq,,,
TE-FOOD,ico.tefoodint.com,te-food,,
Telcoin,telco.in,telcoin,,
TenX,tenx.tech,tenx,,
Ternio,ternio.io,ternio,,
Tezos,tezos.com,tezos,,
ThankYou cryptobanknote,ThankYou,THNX,,
The Abyss,icodrops.com,the-abyss,,
The Bee token,Bee Token,beetoken.com,bee-token,
The Kudos Project,Kudos,,,
The Magnus Collective,Magnus,,,
The Main Global Bank,Tokamak,,,
The puff puff network,puff puff network,,,
THEKEY,thekey.vip,thekey,,
Themis Network,themis.network,themis,,
Theta token,thetatoken.org,theta-token,,
Things Operating System,toschain.org,thingsoperatingsystem,,
Thrive,ico.thrivelabs.io,thrive-token,,
Tierion,tierion.com,tierion,,
Ties Network,tiesdb.com,tiesdb,,
Tigereum,tigereum.io,tigereum,,
Time New Bank,tnb.fund,time-new-bank,,
TITA Project,TITA Network,,,
Token Metrics Report,TokenMetrics,,,
Tokenbox,tokenbox.io,tokenbox,,
TokenCard,tokencard.io,tokencard,,
TOKENOMY,tokenomy.com,tokenomy,,
TokenPay,tokenpay.com,tokenpay,,
TokenStars ACE,tokenstars.com,ace,,
TokenStars TEAM,tokenstars.com,tokenstars,,
Tokes,tokesplatform.org,tokes,,
Tokia,tokia.io,tokia,,
TomahawkCoin,Tomahawk,,,
Tomocoin,tomochain.com,tomochain,,
TONGTONGCOIN,TONGTONG,,,
Totipay Network,Totipay,,,
Trackr,trackr.im,trackr,,
Trade.io,trade.io,trade-token,,
Tradetex Exchange,Tradetex,,,
TraDove,bbcoin.tradove.com,b2bcoin,,
TrakInvest,trakinvest.ai,trakinvest,,
Transcodium,transcodium.com,transcodium,,
TravelFlex,travelflex.org,travelflex,,
Traxia,traxia.co,traxia,,
Trendercoin,trenderfoundation.com,trendercoin,,
Trial Token,Trial Funds,,,
Trinity,trinity.tech,trinity-network-credit,,
Tron,tron.network,tron,,
TronClassic,tronclassic.xyz,tronclassic,,
Truegame,ico.truegame.io,tgame,,
TTC Protocol,ttc.eco,ttc-protocol,,
U Network,u.network,u-network,,
Ubex,ubex.com,ubex,,
Ubiq,ubiqsmart.com,ubiq,,
Unboxed Network,Unboxed,,,
Unibright,unibright.io,unibright,,
United Crypto Mining Group (UCMG),United Crypto Mining Group,UCMG),,
United Traders,uttoken.io,uttoken,,
Universa,universa.io,universa,,
UpToken,uptoken.org,uptoken,,
Uquid,uquidcoin.com,uquid-coin,,
Utrum,utrum.io,utrum,,
UTRUST,utrust.io,utrust,,
UUNIO,UNIFUL Chain,,,
Ventured Network,Ventured,,,
Verify,verify.as,verify,,
VeriME,verime.mobi,verime,,
Veritaseum,veritas.veritaseum.com,veritaseum,,
Verto Exchange Token,Verto Exchange,,,
Vesa Token,Vesa,,,
Vevue Project,Vevue,,,
Vexanium,vexanium.com,vexanium,,
Vezt,vezt.co,vezt,,
VIBEhub,vibehub.io,vibe,,
Viberate,viberate.io,viberate,,
Vice Industry Token,vicetoken.com,vice-industry-token,,
Viewly,view.ly,view,,
Vikky,ico.vikky.io,vikkytoken,,
VinChain,vinchain.io,vinchain,,
Vista Fintech,Vista,,,
Vite,vite.org,vite,,
Viuly,viuly.com,viuly,,
Vivid,vividtoken.com,vivid-coin,,
Voise,voise.com,voisecom,,
VOLT,volttech.io,volt,,
WaBi,wacoin.io,wabi,,
Wagerr,wagerr.com,wagerr,,
Wanchain,wanchain.org,wanchain,,
WandX,wandx.co,wandx,,
Water to the World,Water 2 the World,,,
Waves,wavesplatform.com,waves,,
WAWLLET,wawllet.com,wawllet,,
WeAre ecosystem,WeAre,,,
Webcoin,webcoin.today,webcoin,,
WePower,wepower.network,wepower,,
WeTrust,wetrust.io,trust,,
Wi Coin,cryptowi.com,wi-coin,,
Wild Crypto,wildcrypto.com,wild-crypto,,
Winding Tree,windingtree.com,winding-tree,,
Wings,wings.ai,wings,,
Wolf Crypto,WOLFCRYPTO,,,
WorkChain.io,WorkChain,,,
World Peace Coin,World Peace,,,
World Turtle Coin,World Turtle,,,
Worldcore,worldcore.eu,worldcore,,
Worldwide Asset eXchange (WAX),wax.io,wax,,
WorldWiFi,en.worldwifi.io,wetoken,,
X Motion Pictures (XMP),X Motion Pictures,XMP,,
X8currency,x8currency.com,x8x-token,,
XAYA (Chimaera),XAYA,Chimaera,,
Xenia Lending Coin,XENIACOIN,,,
XinFin,xinfin.org,xinfin-network,,
Xriba,xriba.com,xriba,,
XTRD (Xtrade),xtrd.io,xtrd,,
XYO Network,xyo.network,xyo-network,,
YOYOW,yoyow.org,yoyow,,
Zap store,zap.org,zap,,
Zebi,zebi.io,zebi,,
Zeepin,zeepin.io,zeepin,,
Zen Protocol,zenprotocol.com,zen-protocol,,
ZenGold,zengold.org,zengold,,
Zeon Network,Zeon,,,
Zero Carbon Project,Zero Carbon,,,
ZeroEdge.Bet,Zarocoin,ZeroEdge,,
Ziggurat Token,Ecex.Exchange Platform,,,
Zilla,zla.io,zilla,,
ZILLIQA,zilliqa.com,zilliqa,,
Zinc (R_Block),zinc.work,zinc,,
Zippie,zippie.org,zippie,,
Zpay Network,Zpay,,,
ZPER,zper.io,zper,,
ZrCoin,zrcoin.io,zrcoin,,
ZXC Exchange,ZXchange,,,
Zero Carbon Project,Zero Carbon,,,
ZeroEdge.Bet,Zarocoin,ZeroEdge,,
Ziggurat Token,Ecex.Exchange Platform,,,
Zilla,zla.io,zilla,,
ZILLIQA,zilliqa.com,zilliqa,,
Zinc (R_Block),zinc.work,zinc,,
Zipper ,zipper.io,zip,,
Zpay Network,Zpay,,,
ZPER,zper.io,zper,,
ZrCoin,zrcoin.io,zrcoin,,
ZXC Exchange,ZXchange,,,
ODEEP TOKEN,ODEEP,o-deep,,
ODIN Platform,odintoken,ODIN,,
OID - Opioid Token,oid,,,
OkeyDokey,okeydokey.network,,,
Olam Foundation,olam-platform,,,
OLXA,olxacoin,,,
OmniBazaar,omnicoin,,,
ONe Network,https://www.onesocialnetwork.io/,,,
Bowhead Health,Bowhead,,,
NaPoleon X ,napoleonx.ai,napoleonx,,
EncryptoTel,encryptotel.com,encryptotel,,
True Flip,trueflip.io,trueflip,,
The Quantum Resistant Ledger,theqrl.org,quantum-resistant-ledger,,
SPARC (Kings Distributed Systems),kingsds.network, Kings Distributed Systems,SPARC,Science Power and Research Coin
0xBitcoin,0xbitcoin.org,,,
2GIVE,2give.info,,,
42-coin,42-coin.org,,,
808Coin,808bass.space,808bass,,
8Bit,8-bit.ga,8-bit,,
AB-Chain RTB,ab-chain.com,ab-chain,AB-Chain RTB,
AC3,ac3.io,,,
Accelerator Network,accelerator.network,accelerator,,
ACChain,acchain.org,,,
AceD,acedcoin.com,acedcoin,,
Aces,,,,
Acoin,acoin.info,,,
ACRE,acreprop.org,acreprop,,
Acute Angle Cloud,acuteangle.com,acuteangle,,
AdCoin,getadcoin.com,getadcoin,,
Adenz,adenz.org,,,
Adrenaline,adrenalinecoin.org,adrenalinecoin,,
AdultChain,adultchain.xxx,,,
Advanced Internet Blocks,aib.iobond.com,aib,,
Advanced Technology Coin,arcticcoin.org,arcticcoin,,
Adzcoin,adzcoin.org,,,
Aegeus,aegeus.io,,,
AI Doctor,aidoc.me,aidoc,,
AICHAIN,aichain.me,,,
Aidos Kuneen,aidoskuneen.com,aidoskuneen,,
AiLink Token,ailink.in,ailink,,
Akroma,akroma.io,,,
Akuya Coin,akuyacoin.co,akuyacoin,,
Allion,trollpay.com,trollpay,,
AllSafe,allsafetoken.pw,allsafetoken,,
Alphacat,alphacat.io,,,
ALQO,alqo.org,,,
Altcoin,altcoinmarketcap.com,altcoinmarketcap,,
Ammo Reloaded,ammoreloaded.io,ammoreloaded,,
AmsterdamCoin,amsterdamcoin.com,,,
AnarchistsPrime,anarchistsprime.info,,,
Animation Vision Cash,av.cash,av,,
Animecoin,anime-coin.com,anime-coin,,
Anoncoin,anoncoin.net,,,
Antimatter,,,,
Apollo Currency,apollocurrency.com,apollocurrency,,
APR Coin,apr-coin.com,apr-coin,,
AquariusCoin,aquariuscoin.com,,,
ARbit,,,,
Arbitracoin,arbitracoin.com,,,
ARBITRAGE,arbitraging.co,arbitraging,,
Ardor,ardorplatform.org,ardorplatform,,
Arepacoin,arepacoinve.info,arepacoinve,,
Argentum,argentum.io,,,
Argus,argusnetwork.co,argusnetwork,,
Aricoin,aricoin.org,,,
Arion,arioncoin.com,arioncoin,,
Arionum,arionum.com,,,
ARLIZE,arlizecoin.com,arlizecoin,,
ArtByte,artbyte.me,,,
Artex Coin,atxcoin.org,atxcoin,,
Asch,asch.io,,,
Aseancoin,asncoin.com,asncoin,,
AsiaCoin,thecoin.asia,thecoin,,
Asiadigicoin,asiadigicoin.org,,,
ATC Coin,atccoin.com,atccoin,,
ATMChain,atmchain.io,,,
Atmos,novusphere.io,novusphere,,
Atomic Coin,atomicproject.org,atomicproject,,
AudioCoin,audiocoin.eu,,,
Aurora,aurorachain.io,aurorachain,,
Auroracoin,auroracoin.is,,,
AurumCoin,aurumcoin.com,,,
AvatarCoin,,,,
AWARE,aware.bi,,,
Axiom,axiomcrypto.org,axiomcrypto,,
B3Coin,b3coin.io,,,
Bank Coin,bankcoin.io,bankcoin,,
Banyan Network,banyanbbt.org,banyanbbt,,
Bastonet,bastonet.com,,,
Bata,bata.io,,,
BBSCoin,bbscoin.xyz,,,
Bean Cash,beancash.org,beancash,,
BeeKan,beekan.org,,,
Beetle Coin,beetlecoin.io,beetlecoin,,
Bela,livebela.com,livebela,,
BenjiRolls,benjirolls.cf,,,
BERNcash,berncoin.org,berncoin,,
BetaCoin,betacoin.info,,,
Bettex Coin,bettex.bet,bettex,,
BFFDoom,bffdoom.com,,,
BiblePay,biblepay.org,,,
Bibox Token,bibox.com,bibox,,
BigONE Token,big.one,big,,
BigUp,bigup.club,,,
BingoCoin,bocfun.com,bocfun,,
BipCoin,bipcoin.org,,,
Birds,birdscoin.com,birdscoin,,
Bismuth,bismuth.cz,,,
Bit20,bittwenty.com,bittwenty,,
BitAsean,bitasean.org,,,
BitBar,bitbar.co,,,
BitBay,bitbay.market,,,
Bitblocks,bitblocksproject.com,bitblocksproject,,
BitCapitalVendor,bitcv.com,bitcv,,
Bitcloud,bit-cloud.info,bit-cloud,,
bitCNY,,,,
BitCoal,bitcoal.io,,,
Bitcoin,bitcoin.org,,,
Bitcoin 21,bitcoin-21.com,bitcoin-21,,
Bitcoin Adult,bitcoin-adult.com,bitcoin-adult,,
Bitcoin Atom,bitcoinatom.io,bitcoinatom,,
Bitcoin Cash,bitcoincash.org,bitcoincash,,
Bitcoin Diamond,btcd.io,btcd,,
Bitcoin Fast,bitcoinfast.co,bitcoinfast,,
Bitcoin File,bitcoinfile.org,bitcoinfile,,
Bitcoin God,bitcoingod.org,bitcoingod,,
Bitcoin Gold,bitcoingold.org,bitcoingold,,
Bitcoin Green,savebitcoin.io,savebitcoin,,
Bitcoin Incognito,bitcoinincognito.org,bitcoinincognito,,
Bitcoin Instant,bitcoinstant.org,bitcoinstant,,
Bitcoin Interest,bitcoininterest.io,bitcoininterest,,
BitCoin One,bitcoinone.io,bitcoinone,,
Bitcoin Planet,bitcoin-planet.net,bitcoin-planet,,
Bitcoin Plus,bitcoinplus.org,bitcoinplus,,
Bitcoin Private,btcprivate.org,btcprivate,,
Bitcoin Red,,,,
Bitcoin Scrypt,bitcoinscrypt.io,bitcoinscrypt,,
Bitcoin Token,btk.community,btk,,
Bitcoin W Spectrum,bitcoinwspectrum.com,bitcoinwspectrum,,
BitcoinDark,bitcoindark.com,,,
BitcoiNote,bitcoinote.org,,,
BitcoinX,bcx.org,bcx,,
BitcoinZ,btcz.rocks,btcz,,
BitConnect,bitconnect.co,,,
Bitcore,bitcore.cc,,,
Bitcurrency,,,,
Bitdeal,bitdeal.co.in,,,
BitF,bitf.cc,,,
BitKan,kan.land,kan,,
Bitmark,bitmark.io,,,
BitNewChain,btn.org,btn,,
Bitok,bitok.online,,,
BitQuark,bitquark.info,,,
bitqy,bitqy.org,,,
Bitradio,bitrad.io,bitrad,,
BitScreener Token,tokensale.bitscreener.com,bitscreener,,
BitSend,bitsend.info,,,
BitSerial,bitserial.io,,,
BitSoar,bitsoar.com,,,
Bitstar,bitstarcoin.com,bitstarcoin,,
BitStation,bitstation.co,,,
Bitsum,bitsum.money,,,
Bitswift,bitswift.io,,,
BitTube,coin.bit.tube,coin,,
BitUP Token,bitup.com,bitup,,
Bitvolt,bitvolt.co,,,
BitWhite,bitwhite.org,,,
Bit-Z Token,bitz.com,bitz,,
Bitzeny,bitzeny.org,,,
BlackCoin,blackcoin.org,,,
Blakecoin,blakecoin.org,,,
BlazeCoin,blazeco.in,blazeco,,
BlazerCoin,blazercoin.cf,,,
Blockchain Quotations Index Token,bqi.com,bqi,,
Blocknet,blocknet.co,,,
Blocknode,blocknode.tech,,,
Blocktrade,blocktrade.com,,,
Blox,blox.io,,,
Blue Protocol,blueprotocol.com,blueprotocol,,
BlueCoin,bluecoin.io,,,
BnrtxCoin,bnrtx.com,bnrtx,,
BOAT,boatcoin.net,boatcoin,,
Bolivarcoin,bolicoin.com,bolicoin,,
Boolberry,boolberry.com,,,
BoostCoin,myboost.io,myboost,,
BowsCoin,,,,
BOXX Token [Blockparty],goblockparty.com,goblockparty,,
BriaCoin,briacoin.com,,,
BridgeCoin,crypto-bridge.org,crypto-bridge,,
BritCoin,britcoin.xyz,,,
BrokerNekoNetwork,brokerneko.com,brokerneko,,
BROTHER,bro-consortium.io,bro-consortium,,
BT2 [CST],bitfinex.com,bitfinex,,
BTCMoon,btcmoon.info,,,
BTCtalkcoin,,,,
Bubble,,,,
Bullion,bullion.one,,,
Bulwark,bulwarkcrypto.com,bulwarkcrypto,,
BumbaCoin,bumbacoin.com,,,
BunnyCoin,bunnycoin.org,,,
Burst,burst-coin.org,burst-coin,,
BuzzCoin,buzzcoin.info,,,
Bytecent,bytecent.com,,,
C2C System,c2c.global,c2c,,
Cabbage,cabbage.tech,,,
CacheCoin,cachecoin.cc,,,
Californium,californium.info,,,
Callisto Network,callisto.network,callisto,,
CampusCoin,campuscoinproject.org,campuscoinproject,,
Canada eCoin,canadaecoin.ca,canadaecoin,,
Candy,candy.one,,,
CannabisCoin,cannabiscoin.net,,,
CannaCoin,cannacoin.tech,,,
Cannation,cannationcoin.com,cannationcoin,,
CanonChain,canonchain.com,,,
Capricoin,capricoin.org,,,
Carboncoin,carboncoin.cc,,,
Carebit,carebit.org,,,
CariNet,carinet.io,,,
Carlive Chain,carlive.io,carlive,,
Cashbery Coin,cashberycoin.com,cashberycoin,,
Cashcoin,cashcoin.cash,,,
CasinoCoin,casinocoin.org,,,
Castle,projectcastle.tech,projectcastle,,
Catcoin,catcoins.org,catcoins,,
CatoCoin,catocoin.net,,,
Cazcoin,cazcoin.io,,,
C-Bit,c-bit.me,,,
Centrality,centrality.ai,,,
Centurion,centurionlab.org,centurionlab,,
ChainCoin,chaincoin.org,,,
ChanCoin,chancoin.org,,,
ChatCoin,openchat.co,openchat,,
Cheapcoin,,,,
ChessCoin,chesscoincommunity.com,chesscoincommunity,,
CHIPS,,,,
Circuits of Value,cov.al,cov,,
Citadel,citadelplatform.io,citadelplatform,,
CK USD,,,,
Clams,clamcoin.org,clamcoin,,
Clipper Coin,clippercoin.com,clippercoin,,
CloakCoin,cloakcoin.com,,,
Cloud,cloudwith.me,cloudwith,,
ClubCoin,clubcoin.co,,,
CMITCOIN,cmitcoin.com,,,
CoffeeCoin,coffee-coin.org,coffee-coin,,
Coimatic 2.0,coimatic.org,,,
Coimatic 3.0,coimatic.com,,,
Coin(O),coin-o-coin.com,coin-o-coin,,
Coin2.1,coin2.us,coin2,,
Coin2Play,coin2play.io,,,
CoinMeet,coinmeet.io,,,
Coinonat,coinonat.org,,,
CoinonatX,community.coinonatx.io,community,,
ColossusXT,colossusxt.io,,,
Comet,cometcoin.com,cometcoin,,
Commercium,commercium.net,,,
Compound Coin,compound-coin.cc,compound-coin,,
CompuCoin,compucoin.org,,,
Concierge Coin,conciergecoin.net,conciergecoin,,
Concoin,concoin.com,,,
Condensate,condensate.co,,,
Condominium,cdmcoin.org,cdmcoin,,
Coni,coinbene.com,coinbene,,
Content and AD Network,mobipromo.io,mobipromo,,
CottonCoin,cottonco.in,cottonco,,
Couchain,couchain.io,,,
Coupecoin,coupecoin.com,,,
Crave,crave.cc,,,
Cream,creamcoin.com,creamcoin,,
Credence Coin,credence-coin.com,credence-coin,,
Credit Tag Chain,credittag.io,credittag,,
Creditbit,creditbit.org,,,
CrevaCoin,crevacoin.com,,,
CROAT,croat.cat,,,
Cropcoin,cropcoin.net,,,
Crown,crown.tech,,,
CryptCoin,cryptco.org,cryptco,,
Crypto,tailflick.wix.com,tailflick,,
Crypto Harbor Exchange,crypto-harbor.info,crypto-harbor,,
Crypto.com,crypto.com,,,
CryptoFlow,cryptoflow.co.uk,,,
CryptoInsight,cryptoinsight.io,,,
Cryptojacks,cryptojacks.com,,,
Cryptonite,cryptonite.info,,,
Cryptopay,cryptopay.me,,,
CryptopiaFeeShares,,,,
Cryptrust,cryptrust.io,,,
Cubits,qbt.scificrypto.info,qbt,,
Curecoin,curecoin.net,,,
Cybereits,cybereits.com,,,
CyberFM,cyber-fm.com,cyber-fm,,
CyberMusic,cybermusic.io,,,
CyberVein,cybervein.org,,,
Cyder,cydercoin.com,cydercoin,,
Dalecoin,dalecoin.org,,,
DarexTravel,token.darextravel.com,,,
Darsek,ked.scificrypto.info,ked,,
DasCoin,dascoin.com,,,
Dashcoin,dashcoin.info,,,
Datacoin,datacoin.info,,,
Davinci Coin,davinci.vision,davinci,,
DaxxCoin,daxxcoin.org,,,
Debitcoin,debitcoin.xyz,,,
DeepOnion,deeponion.org,,,
Defense,defensebox.io,defensebox,,
Delphy,delphy.org,,,
DeltaChain,deltachain.tech,,,
Denarius,denarius.io,,,
Dero,dero.io,,,
Desire,desire-crypto.com,desire-crypto,,
DeusCoin,deuscoin.org,,,
Deutsche eMark,deutsche-emark.de,deutsche-emark,,
DeviantCoin,deviantcoin.io,,,
DEW,dew.one,,,
DigiByte,digibyte.io,,,
DigiFinexToken,digifinex.com,digifinex,,
Digital Money Bits,dmb-currency.com,dmb-currency,,
Digital Rupees,digitalrs.me,digitalrs,,
Digitalcoin,digitalcoin.co,,,
DigitalPrice,digitalprice.org,,,
Dignity,cryptobontix.com,cryptobontix,,
Dimecoin,dimecoinnetwork.com,dimecoinnetwork,,
Dinastycoin,dinastycoin.com,,,
Dinero,dinerocoin.org,dinerocoin,,
Dix Asset,dixassetcoin.info,dixassetcoin,,
DNotes,dnotescoin.com,dnotescoin,,
Dogecoin,dogecoin.com,,,
Dollar Online,edollar.online,edollar,,
Dollarcoin,,,,
Donationcoin,donationcoin.org,,,
DopeCoin,dopecoin.com,,,
Dotcoin,cryptopia.co.nz,cryptopia,,
DOWCOIN,dowcoin.io,,,
DPRating,token.dprating.com,,,
DraftCoin,btcdraft.com,btcdraft,,
Dragon Coins,drgtoken.io,drgtoken,,
Dreamcoin,dreamcoin.fi,,,
DROXNE,droxne.net,,,
DubaiCoin,arabianchain.org,arabianchain,,
Dutch Coin,dutchcoin.net,dutchcoin,,
DWS,dwswifi.com,dwswifi,,
DynamicCoin,dynamiccoin.org,,,
Dystem,dystem.io,,,
EA Coin,eacoin.io,eacoin,,
EagleCoin,eaglepay.io,eaglepay,,
EBCH,CoinPulse.io,CoinPulse,,
eBitcoin,ebitcoin.org,,,
eBoost,eboost.fun,,,
ECC,ecc.network,,,
EchoLink,echolink.info,,,
EcoCoin,ecocoin.us,,,
E-coin,ecoinsource.com,ecoinsource,,
E-Dinar Coin,edinarcoin.com,edinarcoin,,
EDRCoin,edrcoin.cash,,,
EDUCare,ekt8.io,ekt8,,
Education Ecosystem,tokensale.liveedu.tv,tokensale,,
e-Gulden,e-gulden.org,,,
Einsteinium,emc2.foundation,emc2,,
EJOY,ejoy.world,,,
Elastic,xel.org,xel,,
Electra,electraproject.org,electraproject,,
Electronic PK Chain,epc.im,epc,,
Elementrem,elementrem.org,,,
Eligma Token,eligma.io,eligma,,
Elite,elitecurrency.net,elitecurrency,,
EliteShipperToken,eliteshippertoken.org,,,
Elixir,elixirtoken.io,elixirtoken,,
Ellaism,ellaism.org,,,
Elliot Coin,elliotproject.org,elliotproject,,
ELTCOIN,eltcoin.tech,,,
Elysium,,,,
EmberCoin,embercoin.io,,,
Emerald Crypto,emeraldcrypto.de,emeraldcrypto,,
Emercoin,emercoin.com,,,
empowr coin,empowr.com,empowr,,
EncryptoTel [ETH],,,,
Endorsit,eds.ren,eds,,
Energi,energi.world,,,
Energo,energolabs.com,energolabs,,
Energycoin,energycoin.eu,,,
Engine,egcchain.com,egcchain,,
ENTCash,entcash.com,,,
eosBLACK,eosblack.io,,,
eosDAC,eosdac.io,,,
EPLUS Coin,ep-coin.com,ep-coin,,
Equal,equaltoken.io,equaltoken,,
EquiTrader,equitrader.co,,,
ERA,eranetwork.net,eranetwork,,
ERC20,belance.io,belance,,
Ergo,ergoplatform.org,ergoplatform,,
Eryllium,eryllium.com,,,
EscrowCoin,escrow-coin.com,escrow-coin,,
Espers,espers.io,,,
Esports Token,esportschain.org,esportschain,,
ETERNAL TOKEN,atom-solutions.jp,atom-solutions,,
Eternity,ent.eternity-group.org,ent,,
EthBet,ethbet.io,,,
Ether Kingdoms Token,imps.me,imps,,
Ether Zero,etherzero.org,etherzero,,
EtherDelta Token,crowdsale.etherdelta.com,crowdsale,,
Ethereum,ethereum.org,,,
Ethereum Cash,ethereumcash.technology,ethereumcash,,
Ethereum Dark,ethereumdark.net,ethereumdark,,
Ethereum Gold,ethereumgold.info,ethereumgold,,
Ethereum Lite,ethereumlite.org,ethereumlite,,
EtherGem,egem.io,egem,,
Ethersocial,ethersocial.network,,,
EUNO,euno.co,,,
Eurocoin,eurocoin-euc.com,eurocoin-euc,,
EuropeCoin,europecoin.eu.org,,,
EvenCoin,evencoin.io,,,
EverGreenCoin,evergreencoin.org,,,
Everipedia,everipedia.org,,,
Evil Coin,evilcoin.xyz,evilcoin,,
Evimeria,evimeria.io,,,
Excaliburcoin,excaliburcoin.net,,,
ExchangeN,exchangen.com,,,
ExclusiveCoin,exclusivecoin.pw,,,
Experience Points,xpcoin.io,xpcoin,,
Experience Token,ext.earth,ext,,
EXRNchain,exrnchain.com,,,
EZToken,ico.ezpos.io,,,
Factom,factom.org,,,
FairCoin,fair-coin.org,fair-coin,,
FansTime,fanstime.org,,,
Fantasy Cash,fantasycash.io,fantasycash,,
FantasyGold,FantasyGold.io,,,
Fantomcoin,fantomcoin.org,,,
Fargocoin,fargocoin.org,,,
Fastcoin,fastcoin.ca,,,
Feathercoin,feathercoin.com,,,
FedoraCoin,tipsco.in,tipsco,,
Ferron,ferron.io,,,
FirstCoin,firstcoinproject.com,firstcoinproject,,
Flaxscript,flaxscript.org,,,
FLO,flo.cash,,,
FlutterCoin,fluttercoin.me,,,
Fluz Fluz,fluzfluz.com,fluzfluz,,
FNKOS,foglink.io,foglink,,
FOIN,foin.io,,,
FoldingCoin,foldingcoin.net,,,
FolmCoin,folmcoin.com,,,
FORCE,forcenetwork.io,forcenetwork,,
Forkcoin,forkcoin.io,,,
Francs,francs.paris,,,
Freicoin,freico.in,freico,,
Freyrchain,freyrchain.org,,,
FujiCoin,fujicoin.org,,,
FUTURAX,futurax.global,,,
FuturoCoin,futurocoin.com,,,
FuzzBalls,fyi-koerier.nl,fyi-koerier,,
Gainer,gainercoin.com,gainercoin,,
Galactrum,galactrum.org,,,
Gambit,gambitcrypto.com,gambitcrypto,,
GambleCoin,gamblecoin.fun,,,
GameChain System,blockchain.game,blockchain,,
Gapcoin,gapcoin.org,,,
Garlicoin,garlicoin.io,,,
GCN Coin,gcn.zone,gcn,,
GeertCoin,,,,
Gene Source Code Chain,gscchain.org,gscchain,,
Gentarium,gtmcoin.io,gtmcoin,,
GeoCoin,geocoin.cash,,,
GeyserCoin,geysercoin.com,,,
Giant,giantpay.network,giantpay,,
GINcoin,gincoin.io,,,
GlassCoin,glasscoin.io,,,
Global Cryptocurrency,thegcccoin.com,thegcccoin,,
Global Currency Reserve,gcrcoin.com,gcrcoin,,
Global Social Chain,gsc.social,gsc,,
Global Tour Coin,gtccoinclub.com,gtccoinclub,,
GlobalBoost-Y,globalboost-y.com,,,
GlobalToken,globaltoken.org,,,
Globalvillage Ecosystem,gve.io,gve,,
Gold Poker,gold-poker.com,gold-poker,,
Gold Pressed Latinum,scificrypto.info,scificrypto,,
GOLD Reward Token,goldreward.io,goldreward,,
GoldBlocks,goldblocks.eu,,,
GoldCoin,goldcoin.org,,,
GoldMaxCoin,gmxcoin.org,gmxcoin,,
GoldPieces,goldpieces.net,,,
Golfcoin,golfcoin.cc,,,
Goodomy,goodomy.com,,,
GrandCoin,grandcoin.info,,,
Graphcoin,graphcoin.net,,,
Graviocoin,gravio.net,gravio,,
GreenMed,greenmed.io,,,
GridCoin,gridcoin.us,,,
Grimcoin,reaper.rocks,reaper,,
Groestlcoin,groestlcoin.org,,,
Growers International,growersintl.com,growersintl,,
GSENetwork,gse.network,gse,,
GuccioneCoin,guccionecoin.wordpress.com,,,
Gulden,gulden.com,,,
Guncoin,guncoin.info,,,
GXChain,gxs.gxb.io,gxs,,
HalalChain,hlc.com,hlc,,
Halcyon,halcyon.top,,,
Halloween Coin,,,,
Happycoin,happycointech.org,happycointech,,
Haracoin,haracoin.com,,,
HarmonyCoin,hmc21.co,hmc21,,
Harvest Masternode Coin,harvestcoin.org,harvestcoin,,
Haven Protocol,havenprotocol.com,havenprotocol,,
Havy,havy.io,,,
HealthyWormCoin,healthyworm.com,healthyworm,,
HEAT,heatledger.com,heatledger,,
Helleniccoin,helleniccoin.gr,,,
Help The Homeless Coin,hthcoin.world,hthcoin,,
HempCoin,hempcoin.org,,,
Hexx,hexxcoin.net,hexxcoin,,
Hi Mutual Society,hms.io,hms,,
HiCoin,xhicoin.com,xhicoin,,
High Gain,highgain.ltd,highgain,,
High Performance Blockchain,gxn.io,gxn,,
High Voltage,highvoltagecoin.tech,highvoltagecoin,,
HighCoin,highcoin.xyz,,,
HoboNickels,hobonickels.info,,,
HODL Bucks,hodlbucks.com,hodlbucks,,
HOdlcoin,hodlcoin.com,,,
HollyWoodCoin,hollywoodcoin.us,,,
Honey,honeycoin.info,honeycoin,,
Horizen,horizen.global,,,
HorusPay,horuspay.io,,,
Hshare,h.cash,h,,
HTMLCOIN,htmlcoin.com,,,
Huncoin,huncoin.org,,,
HunterCoin,huntercoin.org,,,
Hush,myhush.org,myhush,,
Hydro,hydrogenplatform.com,hydrogenplatform,,
Hydro Protocol,thehydrofoundation.com,thehydrofoundation,,
Hyper,hypercrypto.com,hypercrypto,,
Hyper Pay,hyperpay.tech,hyperpay,,
HyperStake,hyperstake.io,,,
I,iocoin.io,iocoin,,
I0Coin,izerocoin.org,izerocoin,,
iBank,,,,
ICO OpenLedger,icoo.io,icoo,,
ICOBID,icobidplatform.net,icobidplatform,,
iCoin,icoin.world,,,
Iconic,iconicproject.com,iconicproject,,
IDOL COIN,idolco.in,idolco,,
iEthereum,iethereum.trade,,,
Ignition,ignitioncoin.org,ignitioncoin,,
IGToken,igtoken.net,,,
Impact,impact-coin.org,impact-coin,,
IncaKoin,incakoin.info,,,
Independent Money System,independentmoneysystem.com,independentmoneysystem,,
Infinipay,infinipay.co,,,
Infinitecoin,infiniteco.in,infiniteco,,
Infinity Economics,infinity-economics.org,infinity-economics,,
InflationCoin,inflationcoin.org,,,
Influence Chain,influencechain.org,influencechain,,
Influxcoin,influxcoin.xyz,,,
Ink,ink.one,,,
Innova,innovacoin.info,innovacoin,,
INO COIN,inocoin.eu,inocoin,,
InsaneCoin,insane.network,insane,,
Insight Chain,insightchain.io,insightchain,,
InsurChain,insurchain.org,,,
Intelligent Investment Chain,iicoin.io,iicoin,,
InterCrone,intercrone.com,,,
Internet Node Token,intchain.io,intchain,,
Internet of Games,playgroundz.io,playgroundz,,
Internet of People,iop.global,iop,,
Internet of Things,iotcoin.io,iotcoin,,
Interzone,interzone.pw,,,
InvestDigital,investdigital.info,,,
ION,ionomy.com,ionomy,,
IoT Chain,iotchain.io,iotchain,,
IPChain,ipcchain.org,ipcchain,,
IrishCoin,irishcoin.org,,,
iTicoin,iticoin.com,,,
Ivy,ivykoin.com,ivykoin,,
Ixcoin,ixcoin.net,,,
IXT,ixt.global,,,
JavaScript Token,jschain.io,jschain,,
Jetcoin,jetcoin.io,,,
Jin Coin,jin-coin.com,jin-coin,,
Jingtum Tech,jingtum.com,jingtum,,
Jiyo,jiyo.io,,,
JobsCoin,jobscoin.us,,,
Joincoin,bitcointalk.org,bitcointalk,,
Joulecoin,jouleco.in,jouleco,,
Kalkulus,kalkulus.trade,,,
KanadeCoin,kanadecoin.com,,,
Karbo,karbowanec.com,karbowanec,,
Kcash,kcash.com,,,
KekCoin,kekcoin.co,,,
KingN Coin,kingncoin.com,kingncoin,,
KingXChain,kingxchain.com,,,
KlondikeCoin,klondikecoin.com,,,
KNOW,kryptono.exchange,kryptono,,
Kobocoin,kobocoin.com,,,
Kolion,kolionovo.org,kolionovo,,
Kore,kore.life,,,
Kronecoin,kronecoin.org,,,
KuCoin Shares,kucoin.com,kucoin,,
Kurrent,kurrentproject.com,kurrentproject,,
KushCoin,kushcoin.co,,,
KWHCoin,kwhcoin.com,,,
LanaCoin,lanacoin.com,,,
Latino Token,latinotoken.com,latinotoken,,
LeaCoin,,,,
LEOcoin,leocoin.org,,,
Lethean,intensecoin.com,intensecoin,,
Leviar,leviar.io,,,
Levocoin,levocoin.com,,,
LevoPlus,levoplus.com,,,
LIFE,lifelabs.io,lifelabs,,
LightChain,lightchain.one,,,
Lightning Bitcoin,lbtc.io,,,
Lightpaycoin,lightpaycoin.org,,,
Linda,lindacoin.com,lindacoin,,
Linfinity,linfinity.io,,,
Linkey,linkey.info,,,
Linx,mylinx.io,mylinx,,
LiteBar,litebar.co,,,
LiteBitcoin,lbtc.info,,,
Litecoin,litecoin.com,,,
Litecoin Plus,litecoinplus.co,litecoinplus,,
LiteCoin Ultra,litecoinultra.com,litecoinultra,,
Litecred,,,,
LiteDoge,ldoge.tech,ldoge,,
Litex,litex.io,,,
Lobstex,lobstex.com,,,
LogisCoin,logiscoin.cc,,,
LoMoCoin,lomostar.com,lomostar,,
Luna Coin,bitluna.org,bitluna,,
LUXCoin,luxcore.io,luxcore,,
Lynx,getlynx.io,getlynx,,
Machinecoin,machinecoin.io,,,
MACRON,macron.name,,,
Maggie,maggie.vip,,,
Magi,coinmagi.org,coinmagi,,
MagicCoin,magiccoin.io,,,
Magnet,magnetwork.io,magnetwork,,
Magnetcoin,magnetcoin.net,,,
Magnum,mgmcoin.org,mgmcoin,,
Mainstream For The Underground,mftu.net,mftu,,
Manna,mannabase.com,mannabase,,
Mao Zedong,,,,
Marijuanacoin,marijuanacoin.net,,,
Marscoin,marscoin.org,,,
MarteXcoin,martexcoin.org,,,
MarxCoin,marxcoin.com,,,
Masari,getmasari.org,getmasari,,
MassGrid,massgrid.com,,,
Master Contract Token,splyse.tech,splyse,,
Master Swiscoin,swisopensource.com,swisopensource,,
Masternodecoin,masternodecoin.org,,,
Maverick Chain,mvchain.net,mvchain,,
MaxCoin,maxcoinproject.org,maxcoinproject,,
MAZA,mazacoin.org,mazacoin,,
MedicCoin,mediccoin.com,,,
MediShares,medishares.org,,,
MEET.ONE,meet.one,meet,,
Megacoin,megacoin.eu,,,
Memetic,memetic.ai,memetic,,
Mero,mero.network,,,
Metaverse ETP,mvs.org,mvs,,
MEX,introduce.mex.link,introduce,,
MIB Coin,mibcoin.io,mibcoin,,
MiloCoin,milocoin.info,,,
Mincoin,mincoin.us,,,
Mindexcoin,mindexcoin.com,,,
Minereum,minereum.com,,,
Miners&#39; Reward Token,wavescommunity.com,wavescommunity,,
Minex,minexteam.com,minexteam,,
MintCoin,mintcoinofficial.eu,mintcoinofficial,,
Mirai,mirai.xgox.rocks,,,
MIRQ,mirq.io,,,
Mithril,mith.io,mith,,
Mixin,mixin.one,,,
MktCoin,mktcoin.org,,,
MOAC,moac.io,,,
Moin,discovermoin.com,discovermoin,,
MojoCoin,mojocoin.org,,,
Molecular Future,molecular.cc,molecular,,
MonaCoin,monacoin.org,,,
Monero,monero.cc,,,
Monero Classic,monero-classic.org,monero-classic,,
Monero Original,monero-original.org,monero-original,,
MonetaryUnit,monetaryunit.org,,,
Money,moneyfoundation.github.io,moneyfoundation,,
Monkey Project,monkey.vision,monkey,,
Monoeci,monacocoin.net,monacocoin,,
Mooncoin,mooncoin.eco,,,
More Coin,mre.live,mre,,
Motocoin,motocoin.org,,,
Moving Cloud Coin,mcsports.cn,mcsports,,
Mozo Token,mozocoin.io,mozocoin,,
MSD,mymsdspace.com,mymsdspace,,
MTC Mesh Network,mtc.io,mtc,,
MustangCoin,mustangcoin.xyz,,,
Myriad,myriadcoin.org,myriadcoin,,
MyToken,mytoken.io,,,
NAM COIN,namchain.net,namchain,,
NEO,neo.org,neo,,
Namecoin,namecoin.org,,,
NamoCoin,namocoin.name,,,
NANJCOIN,nanjcoin.com,,,
Nano,nano.org,,,
Narrative,narrative.org,,,
Nasdacoin,nasdacoin.io,,,
NavCoin,navcoin.org,,,
Nectar,ethfinex.com,ethfinex,,
Nekonium,nekonium.github.io,,,
NEM,nem.io,,,
NEO GOLD,neo-gold.ulcraft.com,neo-gold,,
NeosCoin,neos.sh,neos,,
NetCoin,netcoin.io,,,
Netko,netko.tech,,,
NetKoin,netkoin.com,,,
Network Token,networktoken.io,networktoken,,
Neuro,neurocoin.org,neurocoin,,
Neutron,neutroncoin.com,neutroncoin,,
NevaCoin,nevacoin.net,,,
New Power Coin,npw.live,npw,,
Nework,nework.pro,,,
NewsToken,ne.ws,ne,,
Newton Coin Project,newtoncoin.site,newtoncoin,,
NewYorkCoin,nycoin.community,nycoin,,
Nexus,nexusearth.com,nexusearth,,
Niobio Cash,niobiocash.org,niobiocash,,
Niobium Coin,niobiumcoin.io,niobiumcoin,,
NIX,nixplatform.io,nixplatform,,
No BS Crypto,nobscrypto.com,nobscrypto,,
Noah Coin,noahcoin.org,noahcoin,,
NobleCoin,noblemovement.com,noblemovement,,
NoLimitCoin,nolimitcoin.org,,,
Novacoin,novacoin.org,,,
Nullex,nullex.io,,,
Nuls,nuls.io,,,
Numeraire,numer.ai,numer,,
Numus,numus.cash,,,
Nxt,nxt.org,,,
Nyancoin,nyancoin.info,,,
Nyerium,nyex.site,nyex,,
Obitan Chain,obitanchain.org,obitanchain,,
OBITS,obits.io,,,
OceanChain,oceanchain.club,,,
Oceanlab,oceanlab.eu,,,
OctoCoin,octocoinfoundation.org,octocoinfoundation,,
Octoin Coin,occwallet.com,occwallet,,
OFCOIN,ofbank.com,ofbank,,
OKCash,okcash.co,,,
Olive,olivecoin.co,olivecoin,,
Olympic,olympcoin.io,olympcoin,,
Omicron,delta.investments,delta,,
Omni,omnilayer.org,omnilayer,,
Onix,onixcoin.com,onixcoin,,
OP Coin,opcoin.info,opcoin,,
Opal,opal-coin.com,opal-coin,,
OPCoinX,overpoweredcoin.com,overpoweredcoin,,
OracleChain,oraclechain.io,,,
Orbitcoin,orbitcoin.org,,,
Ordocoin,ordocoin.org,,,
Origin Sport,originsport.io,originsport,,
Ormeus Coin,ormeuscoin.com,ormeuscoin,,
OTCBTC Token,otcbtc.com,otcbtc,,
Pabyosi Coin (Special),pcsblockchain.com,pcsblockchain,,
PACcoin,paccoin.net,,,
Pakcoin,pakcoin.io,,,
Pandacoin,pandacoin.tech,,,
ParallelCoin,parallelcoin.info,,,
ParkByte,parkbyte.com,,,
Pascal Coin,pascalcoin.org,pascalcoin,,
Pascal Lite,pascallite.com,pascallite,,
PayCoin,paycoin.com,,,
PayDay Coin,paydaycoin.io,paydaycoin,,
Paypex,paypex.org,,,
PeepCoin,dapscoin.com,dapscoin,,
Peercoin,peercoin.net,,,
Penguin Coin,penguincoin.io,penguincoin,,
Penta,penta.global,,,
Pepe Cash,rarepepedirectory.com,rarepepedirectory,,
Pesetacoin,pesetacoin.info,,,
PetroDollar,,,,
Phantomx,phantomx.co,,,
Philosopher Stones,philosopherstones.org,philosopherstones,,
Phoenixcoin,phoenixcoin.org,,,
Phore,phore.io,,,
Photon,photoncc.com,photoncc,,
PIECoin,piecoin.info,,,
Pigeoncoin,pigeoncoin.org,,,
Piggycoin,piggy-coin.com,piggy-coin,,
PinkCoin,getstarted.with.pink,getstarted,,
Pioneer Coin,pioneercoin.com,pioneercoin,,
PiplCoin,piplcoin.com,,,
Pirl,pirl.io,,,
PIVX,pivx.org,,,
Pixie Coin,pixiecoin.io,pixiecoin,,
PKG Token,pkgtoken.io,pkgtoken,,
PlatinumBAR,platinumbar.io,,,
PlayCoin,playcoin.game,,,
PlayerCoin,playercoin.world,,,
PLNcoin,plncoin.org,,,
PluraCoin,pluracoin.org,,,
Polcoin,polcoin.pl,,,
Polis,polispay.org,polispay,,
POLY AI,polynetwork.org,polynetwork,,
PonziCoin,,,,
POPCHAIN,popchain.org,,,
PopularCoin,popularcoin.com,,,
PosEx,,,,
PostCoin,postcoin.top,,,
PoSToken,postoken.org,,,
PoSW Coin,posw.io,posw,,
PotCoin,potcoin.com,,,
PRCoin,prcoin.io,,,
President Johnson,johnson.2016coin.org,johnson,,
President Trump,trump.2016coin.org,trump,,
PressOne,press.one,press,,
Primas,primas.io,,,
Primecoin,primecoin.io,,,
Prime-XI,primexi.com,primexi,,
Printex,printex.tech,,,
PRiVCY,privcy.io,,,
PRIZM,en.prizm.club,en,,
ProChain,chain.pro,chain,,
ProCurrency,procommerce.io,procommerce,,
Project Coin,projectcoin.net,projectcoin,,
Project Pai,projectpai.com,projectpai,,
Project-X,,,,
Promotion Coin,pchain.io,pchain,,
Protean,protean.ga,,,
Proton Token,proton.global,proton,,
Prototanium,prototanium.uno,,,
PROUD Money,proud.money,proud,,
Proxeus,proxeus.com,,,
Pura,mypura.io,mypura,,
Pure,purexalt.io,purexalt,,
PureVidz,purevidz.net,,,
PutinCoin,putincoin.org,,,
PWR Coin,pwr-coin.com,pwr-coin,,
Qbic,qbic.io,,,
Quanta Utility Token,quantaplc.im,quantaplc,,
Quark,qrknet.info,qrknet,,
Quatloo,quatloos.org,quatloos,,
Qube,qube.vip,,,
QubitCoin,qubitcoin.cc,,,
Qubitica,qubitica.net,,,
Quebecoin,quebecoin.org,,,
QunQun,qunqun.io,,,
Quotient,,,,
Qwark,qwark.io,,,
QYNO,qyno.org,,,
RabbitCoin,rabbitcoin.co,,,
Radium,radiumcore.org,radiumcore,,
Ratecoin,stakeminers.com,stakeminers,,
Ravencoin,ravencoin.org,,,
Rcoin,rcoineu.com,rcoineu,,
Read,read.lianzai.com,,,
RealChain,rcfund.org,rcfund,,
RealTract,realtract.network,,,
REBL,rebellious.io,rebellious,,
RED,ico.red-lang.org,,,
RedCoin,redcoin.pw,,,
ReddCoin,reddcoin.com,,,
Regacoin,regaco.in,regaco,,
Relex,relex.io,,,
Renos,renoscoin.com,renoscoin,,
Rentledger,rentledger.io,,,
REPO,repocoin.io,repocoin,,
RevolutionVR,revolutionvr.live,,,
RevolverCoin,revolvercoin.org,,,
Rhenium,rhenium.org,,,
RichCoin,,,,
Rimbit,rimbit.com,,,
Rise,rise.vision,,,
RonPaulCoin,ronpaulcoin.com,,,
Roofs,roofs.business,,,
RouletteToken,smartplay.tech,smartplay,,
Royalties,xry.io,xry,,
Rubex Money,rubexmoney.com,rubexmoney,,
Rubies,rbies.org,rbies,,
Rubycoin,rubycoin.org,,,
Ruff,ruffchain.com,ruffchain,,
Runners,runners.cash,,,
Rupaya,rupayacoin.org,rupayacoin,,
Rupee,rupeeblockchain.org,rupeeblockchain,,
RussiaCoin,russiacoin.info,,,
Ryo Currency,ryo-currency.com,ryo-currency,,
Safe Exchange Coin,safex.io,safex,,
Safe Trade Coin,safetradecoin.net,safetradecoin,,
SagaCoin,sagacoin.net,,,
Sakura Bloom,skb-coin.jp,skb-coin,,
Sakuracoin,sakuracoin.com,,,
SaluS,saluscoin.info,saluscoin,,
Sativacoin,sativacoin.io,,,
Save and Gain,coinaid.co.uk,coinaid,,
SaveNode,savenode.io,,,
Scorum Coins,scorum.com,scorum,,
SecretCoin,secretcoin.club,,,
SecureCloudCoin,securecloudcoin.com,,,
SecureCoin,securechain.com,securechain,,
SEER,seer.best,,,
SegWit2x,b2x-segwit.io,b2x-segwit,,
SelfSell,selfsell.com,,,
Semux,semux.org,,,
Senderon,senderon.org,,,
Sentinel,sentinel.co,,,
Sexcoin,sexcoin.info,,,
SHACoin,shacoin2.com,shacoin2,,
Shadow Token,shadowera.com,shadowera,,
Sharechain,sharechain.org,,,
ShareX,sharex.vc,,,
Sharkcoin,sharkcoin.org,,,
Shekel,shekel.io,,,
SHIELD,shieldx.sh,shieldx,,
ShineChain,,,,
Show,show.one,,,
ShowHand,showhand.io,,,
SiaCashCoin,SiaCashCoin.com,,,
Siacoin,sia.tech,sia,,
SIBCoin,sibcoin.money,,,
SIGMAcoin,sigmacoin.org,,,
Six Domain Chain,sdchain.io,sdchain,,
SixEleven,611project.org,611project,,
SJWCoin,,,,
Skeincoin,skeincoin.co,,,
Slevin,,,,
Smart Application Chain,sachain.net,sachain,,
SmartCash,smartcash.cc,,,
SmartCoin,smartcoin.cc,,,
smARTOFGIVING,smartofgiving.com,,,
Smartshare,smartshare.vip,,,
SmileyCoin,tutor-web.info,tutor-web,,
SnipCoin,snip.today,snip,,
SnowGem,snowgem.org,,,
Soarcoin,soarlabs.org,soarlabs,,
Social Lending Token,sociallending.io,sociallending,,
Social Send,socialsend.io,socialsend,,
SocialCoin,socc.network,socc,,
SOILcoin,soil.cash,soil,,
SolarCoin,solarcoin.org,,,
Solarflarecoin,solarflarecoin.us,,,
Solaris,solariscoin.com,solariscoin,,
SoMee.Social,somee.social,somee,,
SongCoin,songcoin.org,,,
Soniq,soniqproject.com,soniqproject,,
SONO,projectsono.io,projectsono,,
SoonCoin,sooncoin.com,,,
SoPay,sopay.org,,,
SounDAC,soundac.io,,,
Sovereign Hero,sovereignhero.com,sovereignhero,,
SpaceChain,spacechain.com,,,
SpaceCoin,spacecoin.info,,,
Sparks,sparkscoin.io,sparkscoin,,
Spectrecoin,spectreproject.io,spectreproject,,
SpeedCash,scash.ml,scash,,
Spendcoin,spendcoin.org,,,
Sphere,sphrpay.io,sphrpay,,
SpreadCoin,spreadcoin.info,,,
Sprouts,sprouts-coin.org,sprouts-coin,,
SRCOIN,srcoin.info,,,
Stakenet,stakenet.io,,,
Staker,staker.network,,,
StarCash Network,starcash.co,starcash,,
StarChain,starchain.one,,,
StarCoin,starcoin.tv,,,
Startcoin,startcoin.org,,,
STASIS EURS,stasis.net,stasis,,
Stealth,stealth.org,,,
Steem,steem.com,,,
Steem Dollars,steem.io,,,
Stellar Holdings,stellarhold.io,stellarhold,,
Stellite,stellite.cash,,,
Sterlingcoin,sterlingcoin.org,,,
Stipend,stipend.me,,,
STRAKS,straks.tech,,,
StrongHands,stronghands.info,,,
Sugar Exchange,sugarexchange.io,sugarexchange,,
Sumokoin,sumokoin.org,,,
Super Bitcoin,supersmartbitcoin.com,supersmartbitcoin,,
Super Game Chain,sgchain.io,sgchain,,
SuperCoin,supercoin.nl,,,
SuperEdge,superedge.info,,,
Superior Coin,superior-coin.com,superior-coin,,
SuperNET,supernet.org,,,
Swarm City,swarm.city,swarm,,
SwftCoin,swftcoin.com,,,
Swisscoin,swisscoin.community,,,
Syndicate,synx.online,synx,,
Synergy,synergycoin.com,synergycoin,,
Syscoin,syscoin.org,,,
TagCoin,tagcoin.org,,,
TajCoin,tajcoin.tech,,,
TCOIN,tcoin.eu,,,
T-coin,trcplatform.com,trcplatform,,
TEKcoin,tekcoin.org,,,
Tellurion,tellurion.info,,,
Terracoin,terracoin.io,,,
TerraNova,terranovacoin.wixsite.com,terranovacoin,,
TeslaCoilCoin,teslacoilcoin.org,,,
TeslaCoin,tesla-coin.com,tesla-coin,,
Tether,tether.to,,,
The ChampCoin,tccworld.org,tccworld,,
The Cypherfunks,thecypherfunks.com,thecypherfunks,,
Theresa May Coin,theresamaycoin.com,theresamaycoin,,
Thingschain,thingschain.network,,,
ThingsOperatingSystem,,,,
Thore Cash,thorecash.com,thorecash,,
ThoreCoin,thorecoin.com,,,
Thunderstake,thunderstake.com,,,
Tidex Token,tidex.com,tidex,,
Ties.DB,ties.network,ties,,
Tigercoin,tigercoin.wordpress.com,,,
Timicoin,timicoin.io,,,
Titcoin,joy-toilet.com,joy-toilet,,
TittieCoin,tittiecoin.com,,,
Ti-Value,t.top,t,,
ToaCoin,toacoin.com,,,
TokenClub,tokenclub.com,,,
TokenDesk,tokendesk.io,,,
Tokugawa,tokugawacoin.com,tokugawacoin,,
TOKYO,tokyocoin.xyz,tokyocoin,,
TopChain,topc.io,topc,,
Tourist Token,globaltourist.io,globaltourist,,
Traceability Chain,tacchain.cn,tacchain,,
Tracto,tracto.org,,,
TransferCoin,txproject.io,txproject,,
TrezarCoin,trezarcoin.com,,,
Triangles,info.triangles.technology,info,,
Trident Group,tridentgroup.io,tridentgroup,,
Triggers,blocksafefoundation.com,blocksafefoundation,,
Tripio,trip.io,trip,,
Trittium,trittium.cc,,,
Trollcoin,trollcoin.com,,,
Truckcoin,truckcoin.net,,,
TrueChain,truechain.pro,,,
TrumpCoin,trumpcoin.com,,,
TrustNote,trustnote.org,,,
TrustPlus,trustplus.com,,,
TurboCoin,turboproject.org,turboproject,,
Turtlecoin,turtlecoin.lol,,,
Twinkle,tkt-twinkle.com,tkt-twinkle,,
TWIST,twist.network,,,
Ubique Chain Of Things,ucot.world,ucot,,
ugChain,ugchain.com,,,
Ulord,ulord.one,,,
Ultimate Secure Cash,ultimatesecurecash.info,ultimatesecurecash,,
Ultra Salescloud,ust.top,ust,,
UltraCoin,ultracoin.io,,,
UltraNote Coin,ultranote.org,ultranote,,
UnbreakableCoin,unbreakablecoin.com,,,
Uniform Fiscal Object,ufocoin.net,ufocoin,,
Unify,unify.today,,,
Unikoin Gold,unikrn.com,unikrn,,
United Bitcoin,ub.com,ub,,
United Crypto Community,unitedcryptocommunity.com,unitedcryptocommunity,,
Unitus,unitus.online,,,
Universal Currency,u-currency.com,u-currency,,
UniversalRoyalCoin,universalroyalcoin.com,,,
Universe,unicoin.pw,unicoin,,
UnlimitedIP,unlimitedip.io,,,
Unobtanium,unobtanium.uno,,,
UralsCoin,uralscoin.info,,,
ValueChain,valuechain.biz,,,
ValueCyberToken,valuecyber.org,valuecyber,,
VapersCoin,vaperscoin.org,,,
Vault Coin,vltcoin.org,vltcoin,,
VectorAI,vector-blockchain.com,vector-blockchain,,
Veltor,,,,
Verge,vergecurrency.com,vergecurrency,,
VeriDocGlobal,veridocglobal.com,,,
Veros,vedh.io,vedh,,
Version,version2.org,version2,,
Vertcoin,vertcoin.org,,,
Viacoin,viacoin.org,,,
Vipstar Coin,vipstarcoin.jp,vipstarcoin,,
Virta Unique Coin,virtauniquecoin.com,virtauniquecoin,,
Virtacoin,virtacoin.world,,,
Visio,visioplatform.com,visioplatform,,
Vitae,vitaetoken.io,vitaetoken,,
Vivid Coin,vividcoin.app,vividcoin,,
VIVO,vivocoin.net,vivocoin,,
vSlice,vslice.io,,,
vSportCoin,vsport.io,vsport,,
Vsync,vsync.pw,,,
VULCANO,vulcano.io,,,
Vulcano [OLD],vulcanocoin.club,vulcanocoin,,
W3Coin,w3coin.net,,,
WA Space,wa3529.com,wa3529,,
WABnetwork,wab.network,wab,,
Waltonchain,waltonchain.org,,,
WavesGo,wavesgo.com,,,
WaykiChain,waykichain.com,,,
WeAreSatoshi,wearesatoshi.net,,,
WETH,weth.io,,,
WhaleCoin,whalecoin.org,,,
White Standard,thewhitecompanyus.com,thewhitecompanyus,,
WhiteCoin,whitecoin.info,,,
Wiki Token,wikitoken.bitcoinwiki.org,wikitoken,,
Wild Beast Block,wbbos.com,wbbos,,
WINCOIN,wincoin.co,,,
Wink,,,,
WinToken,winchainos.com,winchainos,,
WomenCoin,women-coin.com,women-coin,,
Woodcoin,woodcoin.org,,,
WorldCoin,worldcoin.global,,,
wys Token,wysker.com,wysker,,
XcelToken,xceltoken.com,,,
Xchange,xcgtech.com,xcgtech,,
X-Coin,x-coin.info,,,
XDNA,xdna.io,,,
Xenon,xenon.network,,,
XGOX,xgox.rocks,,,
XinFin Network,xinfin.io,xinfin,,
XMax,xmx.com,xmx,,
XOVBank,xov.io,xov,,
XPA,xpa.io,,,
XTRABYTES,xtrabytes.global,,,
YEE,yeefoundation.com,yeefoundation,,
YENTEN,conan-equal-newone.github.io,conan-equal-newone,,
Yocoin,yocoin.org,,,
YoloCash,yolocash.co,,,
YOU COIN,youchain.cc,youchain,,
YouLive Coin,youlive.io,youlive,,
Yuan Chain Coin,yuan.org,yuan,,
YUKI,yukicoin.jp,yukicoin,,
Zayedcoin,zayedcoin.net,,,
Zcash,z.cash,z,,
ZClassic,zclassic.org,,,
ZCoin,zcoin.io,,,
ZCore,zcore.cash,,,
Zeitcoin,zeit-coin.net,zeit-coin,,
ZelCash,zel.cash,zel,,
Zennies,zeni.zone,zeni,,
Zephyr,bitspark.io,bitspark,,
Zero,zerocurrency.io,zerocurrency,,
ZEST,zestcoin.io,zestcoin,,
Zetacoin,zetac.org,zetac,,
ZetaMicron,,,,
Zeusshield,zsc.io,zsc,,
ZMINE,zmine.com,,,
Zoin,zoinofficial.io,zoinofficial,,
Zoomba,zoombacoin.com,zoombacoin,,
ZoZoCoin,zozocoins.com,zozocoins,,
ZSEcoin,zsecoin.com,,,
Zurcoin,zurcoin.org,,,
Achain,achain.com,,,
Alphabit,alphabitcoinfund.com,,,
Apollon,apollon.one,,,
Birake,birake.com,,,
BitCoen,bitcoen.io,,,
Bitether,bitether.org,,,
BUMO,bumo.io,,,
BunnyToken,bunnytoken.com,,,
Credo,bitbounce.com,,,
Cruisebit,cruisebit.com,,,
Crypto Improvement Fund,cryptoimprovementfund.io,,,
CYCLEAN,cyclean.io,,,
DigitalNote,digitalnote.biz,,,
Eden,edenchain.io,,,
Elcoin,elcoin.space,,,
Everus,everus.org,,,
Fidelium,fidelium.io,,,
GazeCoin,gazecoin.io,,,
Granite,granitecoin.com,,,
Hedge,hedge-crypto.com,,,
Hero,herotoken.io,,,
IQ.cash,iq.cash/,,,
Joint Ventures,jointventures.io,,,
KARMA,karmaapp.io,,,
Karma,karma.red,,,
KEY,bihu.com,,,
Litecoin Cash,litecoinca.sh,,,
Moneytoken,moneytoken.com,,,
Noku,noku.io,,,
On.Live,on.live/,,,
PAYCENT,paycent.com,,,
Qbao,qbao.fund,,,
Robotina,robotinarox.io,,,
SalPay,salpay.com,,,
Signatum,signatum.org,,,
Speed Mining Service,smscoin.jp,,,
Swing,,,,
TaTaTu,tatatutoken.io,,,
UChain,uchain.world,,,
UniCoin,unicoins.tumblr.com,,,
Upfiring,upfiring.com,,,
Useless Ethereum Token,uetoken.com,,,
ArbitrageCT,arbitragect.com,,,
Ardor,ardorplatform.org,,,
Aurora DAO,auroradao.com,Aurora IDEX,,
BnkToTheFuture,bf-token.bnktothefuture.com,,,
BrahmaOS,brahmaos.io,,,
Carboneum [C8] Token,carboneum.io,,,
Cosmo Coin,cosmochain.io,,,
Dai,makerdao.com,,,
Darcrus,darcr.us,,,
DaTa eXchange,databrokerdao.com,,,
DecentBet,decent.bet,,,
Digital Asset Exchange Token,daxt.io,,,
Digital Insurance Token,inmediate.io,,,
DIMCOIN,dimcoin.io,,,
Dynamic Trading Rights,tokens.net,,,
Dynamic,duality.solutions,,,
FairGame,fair.game,,,
FLIP,fliptoken.gameflip.com,Gameflip,,
,,,,
GET Protocol,guts.tickets,,,
Guaranteed Ethurance Token Extra,inschain.io,,,
HashCoin,hashfuture.io,,,
Havven,havven.io,,,
IDEX Membership,auroradao.com,,,
Ignis,ardorplatform.org,,,
Invictus Hyperion Fund,invictuscapital.com,,,
iQuant,5iquant.org,,,
Knoxstertoken,fortknoxster.com,,,
Level Up Coin,play2live.io,Play2Live,,
Lina,lina.review,,,
Luna Stars,meetluna.com,,,
Maker,makerdao.com,,,
Mercury,darcr.us,,,
MobilinkToken,mobilink.io,,,
NEO,neo.org,,,
Nexty,nexty.io,,,
NuBits,nubits.com,NuShares,,
nUSD,havven.io,,,
Own,weown.com,,,
PitisCoin,pitiscoin.com,,,
Profile Utility Token,robin8put.org,Robin8,profile-utility-token,
Rock,gbx.gi,,,
Sequence,duality.solutions,,,
SIX,six.network,,,
StarterCoin,coinstarter.com,,,
Travala,project.travala.com,,,
TrueUSD,trusttoken.com,,,
Ubcoin Market,ubcoin.io,,,
UNIVERSAL CASH,u.cash,,,
Usechain Token,usechain.net,,,
VeChain,vechain.org,VeThor Token,,
VoteCoin,votecoin.site,,,
Wavebase,peoplewaveico.io,Peoplewave,,
Wowbit,wowoonet.com,,,
Xaurum,xaurum.org,,,
XMCT,xmedchain.com,,,
XRTFoundation,xrtfoundation.org,,,
BlockEx,daxt.io,digital-asset-exchange-token,Digital Asset Exchange Token,
Chainium ,weown.com,own,,
Gibraltar Blockchain Exchange (GBX),gbx.gi,rock,Gibraltar Blockchain Exchange,
Meet Luna,meetluna.com,luna-stars,,